property_revision_id,case_count,property,property_label,property_description,author,repair_id_example,report_violation_type,changed_constraint_types,hash_before,hash_after,before_constraint_count,after_constraint_count
2317303689,20894,P481,Palissy ID,identifier in the Palissy database of moveable objects of French cultural heritage,Bob08,reform_Q29119899_P481_2317303689,Item P|136,[],a3523d7d6eee6283d4c053d612aaaf96b123f92f,d27719909da0f0b271e813a62de14c170498c5b5,22,22
2402814023,11975,P18,image,"image of relevant illustration of the subject; if available, also use more specific properties (sample: coat of arms image, locator map, flag image, signature image, logo image, collage image)",Trade,reform_Q3826846_P18_2402814023,Allowed qualifiers,"[""Q52558054""]",e3303e74183b70ca25ccbb0c41b3be659021a3b8,17cae97285ddfcaff28dd6eafd2b6674886a02b7,20,21
2393757166,11895,P18,image,"image of relevant illustration of the subject; if available, also use more specific properties (sample: coat of arms image, locator map, flag image, signature image, logo image, collage image)",Verdy p,reform_Q9902_P18_2393757166,Single value,[],939de6ad1bd17bae20218d86952ce698c42403a1,e3303e74183b70ca25ccbb0c41b3be659021a3b8,20,20
2317147423,11619,P268,Bibliothèque nationale de France ID,"identifier for the subject issued by BNF (Bibliothèque nationale de France). Format: 8 digits followed by a check-digit or letter, do not include the initial 'cb'.",Bob08,reform_Q2343934_P268_2317147423,Single value,[],269624518af3776a28b6230aaa0646794c944bcd,e854bde0be5386ff5bb156ff6021a0a807a81ca2,8,8
1687213130,11186,P242,locator map image,geographic map image which highlights the location of the subject within some larger entity,عُثمان,reform_Q300446_P242_1687213130,Unique value,[],69bc2e802f252f396bfac375980dad4b68acfad6,b10e15e88aead4e1ff900d2102ae20739fac1392,6,6
2254793027,10457,P166,award received,"award or recognition received by a person, organization or creative work",عُثمان,reform_Q7343484_P166_2254793027,None of,[],74a153b04c2c54f8592801c6187afd44d4d41016,dd3141826e6c4ed30fee5d8ea1843f38a994a620,8,8
2351781179,9997,P2605,ČSFD person ID,identifier for a person in the Czecho-Slovak film database ČSFD,Bob08,reform_Q357608_P2605_2351781179,Label in sk language,[],b5f088ca450c371c9de6d5744c70137a2b109a55,6b49361205443eb211e135ed7d47b00bd7c60831,10,10
1029122128,9924,P3382,GeneDB ID,gene identifier in GeneDB,Magnus Manske,reform_Q18970327_P3382_1029122128,Format,[],1b3e2b6e6a6f6001905f5674afe76d7a59c3c7ee,958df956f95fc2a2c12e5bde5dd1fb0970658210,2,1
2330325818,9496,P950,National Library of Spain SpMaBN ID (BNE v1.0),"semi-deprecated control number of the National Library of Spain catalog powered by Symphony. Format for persons: ""XX"" followed by 4 to 7 digits. (Formerly referred to in VIAF as BNE)",Clemens Dulcis,reform_Q108865583_P950_2330325818,Label in es language,[],ad05bc98d9f3163d93bc5f8c3a10437cd670b7fb,c8aebb3da292eb308069209acd9c783c2e9a4727,7,7
1858269104,9011,P140,religion or worldview,"religion of a person, organization or religious building, or associated with this subject",عُثمان,reform_Q20733430_P140_1858269104,"Value type Q|71966963, Q|4392985, Q|1530022, Q|16334295, Q|17364638, Q|211606",[],76a46513d7cd812bbd1598a668bf57ca51785c36,9350eb1efaf050760d7a6f09673cbcca6d90d25d,9,9
2407207080,8429,P1006,Nationale Thesaurus voor Auteursnamen ID,identifier for person names (not: works nor organisations) from the Dutch National Thesaurus for Author names (which also contains non-authors),Bob08,reform_Q8864610_P1006_2407207080,Label in nl language,[],e6f32c2b74e15e9b6a4698544e055002e406667b,ca030620ee7d5efdf9d65fc7e808ef7ff585b341,8,8
722137891,7779,P645,genomic end,genomic ending coordinate of the biological sequence (e.g. a gene),Gstupp,reform_Q18065630_P645_722137891,Unique value,"[""Q21502410""]",97813988f422efc68c9bff27622943dfd33a7231,9fbdde8c58abe755c816c729db15161e3f563dea,3,2
690339121,7757,P645,genomic end,genomic ending coordinate of the biological sequence (e.g. a gene),QuickStatementsBot,reform_Q24418667_P645_690339121,Unique value,"[""Q21528958""]",fd197730e586961a387a16b4bf8878aa303c20ab,2ec6011b3b97ebbc0aa1aee83187e00bc604b708,3,4
2439061952,7467,P7937,form of creative work,structure of a creative work,Bodhisattwa,reform_Q18849598_P7937_2439061952,"Type Q|386724, Q|17489659, Q|15306849",[],c8fc5ee369daecd23e0417ca84d82310c44a0694,b0db476d3f8ebb866bc1d80caa20916de63ed409,16,16
1580835843,7314,P1346,winner,"winner of a competition or similar event, not to be used from the awardees record (instead use ""award received"" (P166), possibly qualified with ""for work"" (P1686)) nor for wars or battles",Valentina.Anitnelav,reform_Q4014144_P1346_1580835843,Single value,[],47f2262ab5ac29f87f1c5b2e322a6e4ab9e713f6,2db6a4e2ce016c3d9aa35fac1c48197dc8365138,7,7
722137948,7222,P644,genomic start,genomic starting coordinate of the biological sequence (e.g. a gene),Gstupp,reform_Q23339195_P644_722137948,Unique value,"[""Q21502410""]",97813988f422efc68c9bff27622943dfd33a7231,9fbdde8c58abe755c816c729db15161e3f563dea,3,2
2040528587,7049,P6597,DFD ID,ID of corresponding entry in the DFD online dictionary of family names,Nikki,reform_Q122835561_P6597_2040528587,Label in de language,[],077995b0705d0cd9e93a85d257d18baf836c2888,8901b5ad38dd448c8371c1ec9b6a8dc79d75ba9a,15,15
2252283680,7033,P1782,courtesy name,"name bestowed upon a person at adulthood in addition to one's given name, mostly in East Asia",Miyakoo,reform_Q10920862_P1782_2252283680,Label in vi language,[],4eb17ff4cf5f215c3d3026d2794c774a6812ce63,bfbe5698242757ff9135432eee84bb15116b1eda,8,7
696618533,6951,P644,genomic start,genomic starting coordinate of the biological sequence (e.g. a gene),MisterSynergy,reform_Q23330626_P644_696618533,Unique value,[],2ec6011b3b97ebbc0aa1aee83187e00bc604b708,68f5deeea79253a19a40179a82c21dac2748e4cc,4,4
690339109,6947,P644,genomic start,genomic starting coordinate of the biological sequence (e.g. a gene),QuickStatementsBot,reform_Q18035078_P644_690339109,Unique value,"[""Q21528958""]",fd197730e586961a387a16b4bf8878aa303c20ab,2ec6011b3b97ebbc0aa1aee83187e00bc604b708,3,4
1713429147,6919,P1651,YouTube video ID,"identifier of a video on YouTube; qualify trailers with ""object has role"" (P3831)=""trailer"" (Q622550). For channels, use P2397; for playlists, use P4300",عُثمان,reform_Q1226153_P1651_1713429147,Conflicts with P|31,[],50050b69da6f8af684b4377d80544ccb5dbb5856,221b41d9be851911e55266bf4ecb9a6ea0778332,7,8
2317152167,6861,P640,Léonore ID,identifier of a person in the Léonore database,Bob08,reform_Q124970155_P640_2317152167,Item P|19,[],b59dc677f5719e4088c2bfd0b02d669c53b06638,b3fce829a0d59e3f6b3d66ff8be02ec76d0eb344,13,13
696618524,6793,P645,genomic end,genomic ending coordinate of the biological sequence (e.g. a gene),MisterSynergy,reform_Q23111464_P645_696618524,Unique value,[],2ec6011b3b97ebbc0aa1aee83187e00bc604b708,68f5deeea79253a19a40179a82c21dac2748e4cc,4,4
1695570929,6630,P2440,transliteration or transcription,conversion of text to alternate script (use as a qualifier for monolingual text statements; please use specific property if possible),عُثمان,reform_Q18250113_P2440_1695570929,Mandatory Qualifiers,[],c070f880066096d1b80b62193b70ee20257c2e93,fb47ab16c6cc776f3f9035247d6ca1a05b92022c,5,6
2356390580,6546,P400,platform,"platform for which a work was developed or released, or the specific platform version of a software product",Trade,reform_Q134586616_P400_2356390580,None of,[],2a9a8192bbb1e51c571b94c0ccda6b8a1c18bda9,4c688d9e9946021f54ff2d42e6a2a03a85f4936d,27,27
2404580674,6351,P5476,LegaBasket.it player ID,identifier for a player at legabasket.it,HanTsî,reform_Q136242208_P5476_2404580674,Label in it language,[],5cc977fbce90260ecd9110c86fb9463f41dbf973,75b0db8f8032912aa5fc54b40723c93a89e90134,10,10
2333296438,5738,P2092,Bildindex der Kunst und Architektur ID,identifier for an artwork in Bildindex,Bob08,reform_Q1197913_P2092_2333296438,Single value,[],b57bdb6c6241468d8e5dc6d0d7cd3d4e3cdc0bd1,7000ebf81f03d2f0a6320e389cfb48adf76c1575,18,18
2329221897,5692,P1368,National Library of Latvia ID,identifier assigned by the National Library of Latvia,Clemens Dulcis,reform_Q437184_P1368_2329221897,Label in lv language,[],671e3f896806eb9137e42ad4140cdb4be1045273,02ceb678353ed5397e2ec00aff1e4e278c47158a,6,6
1725922197,5600,P2521,female form of label,female form of name or title (for male use P3321),عُثمان,reform_Q19361455_P2521_1725922197,Item P|3321,[],42e4e2c51d366fbf19084c4ab0a0759e9306eafa,f0cc45546da8768eeffa00936c0e3a553c2aca4b,6,6
2381040789,5509,P3370,Géopatronyme ID,identifier of a family name in the Géopatronyme database,Bob08,reform_Q16876630_P3370_2381040789,Label in fr language,[],f73fb2730890d18e62940a08df33891e25e44b28,9e4d646f6a49beb224ada7aa869917b01e98b6a8,11,11
2418670693,5412,P4381,Soccerdonna player ID,identifier for a female association football player on the Soccerdonna website,Bob08,reform_Q38276488_P4381_2418670693,Label in de language,[],51c8fe96791b3fc7bdf0765575b402b7f800a774,36446331d6f26d85ba2b632d073c6a1b8d8e60e1,11,11
2370378152,5253,P460,said to be the same as,"this item is said to be the same as that item, though this may be uncertain or disputed",BartoszKonkol,reform_Q14905275_P460_2370378152,Symmetric,[],63ec28788f858b191c2de6aa87daf10d92774325,f8da69f23020a582d5b2921180a7cd56f95a6420,4,4
2172698999,5228,P4529,Douban film ID,identifier for a film (movie) or TV series at the website Douban,Kethyga,reform_Q1139246_P4529_2172698999,Label in zh language,[],7fdb89b49696dbda0be5e3ba1f0c873d49c9279e,a06f4e4b0c9b11a2ff0c21204efa3a4140691084,8,8
2387684055,5152,P480,FilmAffinity film ID,FilmAffinity identification number of a creative work,Bob08,reform_Q23805572_P480_2387684055,Label in es language,[],e3116722bbdf822d0bbad4afa7856dc5d6e65eff,4418d8d45d4f6e68ddfa5418fa06fcb947c420dc,10,10
2099260170,5126,P6258,declination,astronomical equivalent of latitude,Sergey kudryavtsev,reform_Q83481187_P6258_2099260170,Single value,[],7463aab151629fe629a495a0a33f8313a71c4027,71a5c42e08a6981ac8ca71bb4ab7ac260dcb37d2,6,7
2099257206,5022,P6257,right ascension,astronomical equivalent of longitude,Sergey kudryavtsev,reform_Q78395646_P6257_2099257206,Single value,[],a8af56beb8ec3ec5484e8ea4217e43c9638a7b38,53c5c0a2b412e8ee4db237e03388188bcda0ec8a,7,8
1751255376,5005,P9559,Sigla ID,persistent identifier of Czech libraries,Vojtěch Dostál,reform_Q114623419_P9559_1751255376,Unique value,[],4c679cf431eca53a4e908793ca0c592caa61c6a6,60692028ddd3567752cb63c98c6b958095dec70a,7,7
2445366058,4999,P7261,use restriction status,"status of any use restrictions on the object, collection, or materials",Circeus,reform_Q63915783_P7261_2445366058,One of,[],e13ff3761520c5d4cbad4468212fa1789b8234ee,4eec49ccad2fdaa504edf86eae52d6e55978ea5c,3,3
2143686910,4998,P1140,EHAK id,Estonian Administrative and Settlement Classification,Multichill,reform_Q3465270_P1140_2143686910,Item P|402,[],998212a1310c333c7698db506f240192542fbae2,4c32de52dbcc29eb836647c10cfc7cbe34744772,6,7
2447249541,4996,P356,DOI,serial code used to uniquely identify digital objects like academic papers (use upper case letters only),Aceehinrt,reform_Q55238659_P356_2447249541,Format,[],d031ea02a7b0db039216fefe8f4327579c311afd,5cf55bb7e171e2d1e14836aae52873a6c022631b,15,14
975401208,4989,P6933,SA Flora ID,"identifier for a plant taxon, in the Australian 'South Australian electronic Flora' database",Steak,reform_Q10305266_P6933_975401208,Format,[],a5fa43507319ccd3fbd68a3f6485efaec87a31fe,8bb6e45ce88aada1b89d000afe339c91cb7ab9e5,3,3
990960789,4959,P3382,GeneDB ID,gene identifier in GeneDB,SCIdude,reform_Q59866848_P3382_990960789,Format,[],3d9e1d35a0b39ce13f1b6b59b58005e714ca6bde,eae1dfb4df63288f0ef9169880aeeebce8d6d414,1,1
2408609469,4670,P5045,number of blank votes,number of blank votes in a voting round for a specific position in a election,C960657,reform_Q105516092_P5045_2408609469,Type Q|189760,[],40915a8ed347af1c25cb3648f57dd98582ba23e2,120ce5746b7c6d0ba5952c8c8fd6db150c0474f6,7,7
2442137584,4538,P2529,ČSFD film ID,identifier for a movie in the Czech-Slovak film database ČSFD,Sabelöga,reform_Q114503846_P2529_2442137584,Item P|57,"[""Q21503247""]",9604264dfad0a97baaa3c417d946d3604136b2b6,f3c2f6229047c598ec78165c65511a8496302174,12,11
2349186400,4468,P9307,Fancyclopedia 3 ID,identifier for a page on Fancyclopedia 3,A particle for world to form,reform_Q5321850_P9307_2349186400,Mandatory Qualifiers,"[""Q21510856""]",167c8e19b0d6a7c09d653090f07066015c415cde,aa3b6592a2773739274552ef3fb1d934c4edc410,5,6
2316258676,4455,P9899,music created for,"a work, event, etc. for which a musical composition was created (e.g., a play for which incidental music was composed; a ballet for which ballet music was written; a film for which motion picture music was created)",Kefr4000,reform_Q123412726_P9899_2316258676,Item P|1476,[],ec86bf0473d200b413988a0fa5458a14df6cff6c,74346a7b032275583625d99042483d15be936f4d,7,7
1839493915,4426,P5800,narrative role,narrative role of this character (should be used as a qualifier with P674 or restricted to a certain work using P10663),OmegaFallon,reform_Q61933393_P5800_1839493915,Type Q|386724,[],f4c0d35976e743caeb893ae9e4ab41709d66736c,427147685b3b5f5354652f600db4a0a14896f66b,11,11
2417146821,4357,P476,CELEX number,identifier for European legal texts in EUR-Lex database,KrBot,reform_Q100262123_P476_2417146821,"Type Q|11122, Q|2334719, Q|131569, Q|3629172",[],5263720482dc1adf01bc2bd22d7c14dcd96be298,aa1c9fcd0942afaae4103695c5b54d39fb6dc31b,7,7
1715882061,4345,P282,writing system,"alphabet, character set or other system of writing used by a language, word, or text, supported by a typeface",عُثمان,reform_Q43185431_P282_1715882061,One of,[],77bcbffbba77fe9e4c6d683d9605d7f28c11c536,a2cb2d3d5c6a44614832e3cc4bb02856372c1782,8,9
2385729735,4245,P4162,AUR package,official name of the package on the Arch User Repository,Matthias M.,reform_Q156197_P4162_2385729735,Scope,"[""Q21503247""]",45de560954e7be41fbdbb6ad67337ff4f85dd058,1c4cc97224ed374d9f3ad7beac5162c3d0247cee,4,3
2336073995,4220,P7699,National Library of Lithuania ID,"authority id at the National Library of Lithuania, part of VIAF (code LIH)",Juwan,reform_Q251287_P7699_2336073995,Label in lt language,[],0402da51146ef35485a45fc72a5241dcaaedfa7b,fbfbd14071c4560a76f42c2f0a8d89a10b51098a,6,6
2405574367,4111,P1552,has characteristic,inherent or distinguishing quality or feature of the entity. Use a more specific property when possible,Gymnicus,reform_Q1365006_P1552_2405574367,None of,[],a9ffc2f0b205e264e87a686a914a92a41054b05a,3bdb2db506a03caa80fb8f8005ac523eac253eb6,27,27
2428712581,4096,P3137,parent peak,"higher peak whose territory this peak resides in, where the territory is defined by a contour line through a key col, which can be selected based on several competing approaches",Harald Hetzner,reform_Q5191485_P3137_2428712581,Item P|2659,[],050a82ae03b00575ba6a5888d9728ddebf6d753a,4ede85897025f274fb29f47ace6c8a7f9ff4e937,10,10
2414087018,4092,P3628,British History Online VCH ID,"identifier of a place, in the British History Online digitisation of the Victoria County History",Jheald,reform_Q105793195_P3628_2414087018,Format,[],fdb853d19bfe6ad54ebc4b9190efdd40610f5af9,22c8ef05a3538a832d60310caea6cbf1059e1e09,4,4
1648181364,3402,P1296,Gran Enciclopèdia Catalana ID (former scheme),"identifier for an item in the Gran Enciclopèdia Catalana. Replaced with ""Gran Enciclopèdia Catalana ID (P12385)""",Nikki,reform_Q159898_P1296_1648181364,Single value,[],02755eb4bf2c3dd6a77ae6165cb9c4894a779a45,48ae3a4b24989e2f2e751e655c874dceb0e12c5f,9,9
2292837202,3299,P175,performer,"actor, musician, band or other performer associated with this role or musical work",Trade,reform_Q3804706_P175_2292837202,"Value type Q|5, Q|2088357, Q|15632617, Q|60614352, Q|215380, Q|6619719, Q|15711870, Q|15773317, Q|59755569, Q|18510489, Q|2416217, Q|15267437, Q|66481339, Q|65209857, Q|14514600, Q|12973014, Q|2393314, Q|5354754, Q|2013644, Q|26401003, Q|729, Q|1569167",[],3dc455e8a8adf7fb4510c94a4c5b1a4e913b8cd7,4057f3a67f654cae6ddfc690d91087b6901d88d9,9,9
2050398987,3137,P1786,posthumous name,name given to a person after death (East Asia),Trường Mộc,reform_Q45588085_P1786_2050398987,Item P|570,[],5c79afefc2e6c59b4f686ea67fdd14ec922d6ccd,a59a1d3b5d2a5e9147602c8ae7089004484502c2,8,8
2403749973,2881,P10225,official shop URL,"URL of the official store operated by this item, or the official product page operated by this item's creator",IagoQnsi,reform_Q24867704_P10225_2403749973,Mandatory Qualifiers,[],9e5db5cf17898fcb1c7c1062f64e18c5e8d52d09,fad8064412c7a50e64ab5858006b56b1389ad53b,9,10
2216480186,2772,P9058,Fichier des personnes décédées ID (matchID),identifier for an entry in INSEE's 'Fichier des personnes décédées' (deaths since 1970),Ayack,reform_Q116151877_P9058_2216480186,Item P|20,[],7925ca3cd7a46cf7d54c3792deeec5fafacc0a22,aadd4a6310aaab6fc1916dba0787f0fd614ebb9b,9,9
2236583436,2722,P2347,YSO ID,identifier for a concept in the General Finnish Ontology YSO,Samoasambia,reform_Q2826051_P2347_2236583436,Label in fi language,[],1fdaa5ed5deb7543d24778f96a438c8b0a8ac8ef,ba6e5b378390b6aa6fa99d381a94057fe7afc476,9,9
2385185076,2719,P4658,Coflein ID,"identifier for an historic site, monument or building in the National Monuments Record of Wales (NMRW) database",Back ache,reform_Q29482789_P4658_2385185076,Label in cy language,[],e81af76a2641d3ca6dcdc961d040a07b8b4ea815,87764a7e622901ece72a427b457a962c28dd530c,10,10
2437914959,2718,P577,publication date,date or point in time when a work or product was first published or released,Xezbeth,reform_Q19090542_P577_2437914959,"Type Q|386724, Q|17737, Q|1151067, Q|17489659, Q|3331189, Q|15306849, Q|2424752, Q|2031291, Q|814232, Q|121033050, Q|1046315, Q|179550, Q|15938550, Q|95074, Q|1172486, Q|49848",[],14cdf026e01be2670af629f45808bc7286ee90c4,18ee040f82c29185821a260d5ae9932d9c92b9a3,14,14
1488142524,2703,P2659,topographic isolation,minimum distance to a point of higher elevation,SilentSpike,reform_Q874584_P2659_1488142524,Item P|2660,[],3f34c4dd83b0c3f364388cf5252efa6a3f03ffb0,f4954230753ca7cbcd77c53e0d3e38a9d5b11da9,7,7
1000765570,2657,P5862,Lepidoptera of Belgium ID,identifier in the Catalogue of Lepidoptera of Belgium,Succu,reform_Q1225579_P5862_1000765570,Type Q|7432,[],5ea64a76a5eb67a2a67c645e0733197efb7469bb,f8abadb11c2bed0a8115ae0213cbad00c1ea99a8,4,4
2438176221,2648,P1257,depicts Iconclass notation,"Iconclass code depicted in an artwork, for linking Iconclass codes with their corresponding artistic themes or concepts, use P1256 (Iconclass notation)",Jerimee,reform_Q28008919_P1257_2438176221,Item P|136,[],01f86cd5a13cd73b846cf6fccaa0c610a82144d0,dfa56102d3572ec224f9998db2eb336f8758f7f9,10,9
2356827847,2591,P4275,Japanese Database of National Cultural Properties ID,identifier of a heritage asset in the Japanese Database of National Cultural Properties (kunishitei.bunka.go.jp),Peka,reform_Q107046984_P4275_2356827847,Item P|625,[],4653e025d5960e00022e06e3a534cfda36ce97c8,8b5f984e502e3b664228ccb62fa836a5b5adb09c,13,13
2440505308,2572,P1292,DNB edition ID,identifier in the German National Library catalogue (see also authority data P227),Gymnicus,reform_Q2583395_P1292_2440505308,Item P|629,"[""Q21503247""]",92f32cafd9c719cd48c537ffd369da88f6173030,3dd5c6f8a11819f90341a65733693c60b9be4d82,13,12
2442825468,2528,P21,sex or gender,"sex or gender identity of human or animal. For human: male, female, non-binary, intersex, transgender female, transgender male, agender, etc. For animal: male organism, female organism. Groups of same gender use subclass of (P279)",Jerimee,reform_Q28498420_P21_2442825468,Conflicts with P|17,[],4153e44669496bf040a48eb9d9fecb724aee43d6,9ffdd87dbef8eb12ce4d41577040011ac2ef7891,38,38
2370327892,2420,P2670,has part(s) of the class,the subject has one or more parts of the object class,BartoszKonkol,reform_Q5379059_P2670_2370327892,Item P|31,[],f625c9d92869ac9fde4d6504167caeaf4393dcad,ca2cf7025a412e51b7c45debae8a24f6b26c788d,8,8
2435817388,2383,P9818,Penguin Random House work ID,identifier for a book/publication on the Penguin Random House website,Jwillikers,reform_Q113655287_P9818_2435817388,Conflicts with P|747,[],b4b27f076d5528ae0797f18fd64e5bf092758685,d431b608238c15297e2f4e4d6a4b629e4e24f667,10,10
2217144931,2365,P11318,Kanjipedia kanji ID,identifier for a kanji on Kanjipedia,Nikki,reform_Q109763998_P11318_2217144931,Type Q|53764782,[],c4597431b6de9d61db1fb7e29758884291c5c8eb,7a135cbe156d6098078b432f5a5774891d8c3082,7,7
2091124869,2361,P3954,Senate of the Kingdom of Italy ID (obsolete),identifier of a member of the Senate of the Kingdom of Sardinia or of the Senate of the Kingdom of Italy on the Italian Senate website,Horcrux,reform_Q3758646_P3954_2091124869,Item P|12520,[],69381be4407163f39c633cb074deff429e7080b2,20cc3f87574048d64e2e4c068f893dbd1300cf12,10,11
2433261501,2231,P2293,genetic association,"general link between a disease and the causal genetic entity, if the detailed mechanism is unknown/unavailable",Izasala,reform_Q56003350_P2293_2433261501,Symmetric,"[""Q54554025""]",9c046c105459074419c6b6b305e3c9d9eb0c6f78,4ca189c279b2635fd3c436f1cace1bb0a2a74c13,3,2
2431371575,2221,P2193,Soccerbase player ID,player ID on the Soccerbase.com website,Mitte27,reform_Q5000889_P2193_2431371575,Item P|2446,[],533e59ecabc14c87668745cb594dd2dbe2dec149,4f0218f2afd154c555262789789acd743d61b407,11,10
2410670722,2200,P7504,Jeugdliteratuur ID,identifier for an author on the website Jeugdliteratuur.org,Wygod,reform_Q40033882_P7504_2410670722,Conflicts with P|1343,"[""Q21502838""]",dd49a253fb985bf8cdaf77540e6562bb69095fdf,961959536e950dbda514b6caece75aab89afbde9,6,5
2441138672,2133,P9160,Biographical Dictionary of the Czech Lands ID,identifier for a person in the Biographical Dictionary of the Czech Lands,Daniel Baránek,reform_Q94692599_P9160_2441138672,Label in cs language,"[""Q108139345""]",6ce4f743365687943e473f827738504551c62c48,f8ecaad274e9bd57bcb82ba54bbe15fbde1786dd,7,6
2361580316,2083,P4216,LNB Pro A player ID (archived),identifier for a player in the Ligue Nationale de Basket-ball (LNB) Pro A webpages,HanTsî,reform_Q20190628_P4216_2361580316,Item P|11344,[],37e97d4a79ac8157ce42fe7f5bfb7fd2fc116997,9888846886b0ed6b74b354c2eacdf4eea341da3f,10,11
2300357501,2007,P2888,exact match,"URL used to link two items or properties, indicating a high degree of confidence that the concepts can be used interchangeably",عُثمان,reform_Q55999494_P2888_2300357501,Unique value,[],0e450782584085754a738c6b561591d139161cb2,3f8571cfe8b1215979d4f9624b1cbfc325539288,6,6
1800952303,1966,P6004,Brasiliana Iconográfica ID,"identifier for an artwork, in the ""Brasiliana Infográfica"" database",Infrastruktur,reform_Q59873640_P6004_1800952303,Item P|136,[],670eab1d9c919cd5f168f0a5889172ba5cd95cfc,06cbee69f9d1eb4a03e523d6239c955a02a24538,19,18
2298793940,1934,P6509,total goals in career,goalscoring statistic,Swpb,reform_Q509165_P6509_2298793940,Allowed qualifiers,[],5a7caeb2d7fdc9e4119ca2e8774a8e934392a46e,3ad0a79e2e97121d491d48025328512a945bc9bc,3,3
2442352845,1643,P735,given name,first name or another given name of this person; values used with the property should not link disambiguations nor family names,Swpb,reform_Q4477906_P735_2442352845,Conflicts with P|17,[],48220aad70210b2f09dd68709f0cc66601d47c2b,0b94ae84accb701e29d60b04208ef59e98f5d398,17,17
1456089230,1514,P828,has cause,"underlying cause, entity that ultimately resulted in this effect",Azertus,reform_Q23019045_P828_1456089230,Inverse,[],9085b5e9fe35369430c9508d4f5414cc7ca466e9,decc1b77a57a7346eede7b4580873f5838aad75e,2,2
2386344088,1480,P485,archives at,the institution holding the subject's archives,Bliekt82,reform_Q50490087_P485_2386344088,Self link,[],99b49c44f1a2bce8859352d427a348e4af498f83,ba235e52595612023455365c26eecb9a4e401470,5,5
2442820132,1430,P5082,Store medisinske leksikon ID,identifier of an article in the online encyclopedia sml.snl.no,Einar Myre,reform_Q64513386_P5082_2442820132,Label in no language,[],b38a8c12c9cbee5199a0ccc06209908758be9dbb,e3283b052e19432f91055c0d909d7fd55b3cea8b,9,8
2329789991,1364,P409,Libraries Australia ID,"identifier issued by the National Library of Australia (see also P1315 for the newer People Australia identifier). VIAF component. Format: 1-12 digits, removing leading zero-padding.",Bob08,reform_Q132863353_P409_2329789991,Label in en language,[],6e0568e01d1769a0b45b017abaccb8ffd33ec87f,629969c29207c9874e9e196e01a9d2d738ca3fee,7,7
2445674626,1240,P8988,Mapy.com ID,identifier for a point of interest in Mapy.com,JAn Dudík,reform_Q43454448_P8988_2445674626,Item P|625,[],24d513db5ec3bd62001f537388c44a29b482fdd7,698c87a03258d2c8497f4f2fe89ac50608e68d09,11,11
2408264950,1239,P2588,administrative code of Indonesia,official identifier for Indonesian administrative subdivision issued by the Ministry of Home Affairs,Danil Satria,reform_Q26205088_P2588_2408264950,Single value,[],38e5474787f8e09140b6e42e5e0e425f45e954af,26272a63e3fa9c154a51cb0f6c1726f7e4453949,8,8
2407961125,1168,P9241,demographics of topic,item that deals with demographics of the subject,C960657,reform_Q1060042_P9241_2407961125,Target required claim P|910,"[""Q21510855""]",3aa225caa35acc0b43c5465b3dc0ce84dcb93c0c,3bf12b33a53b793f9d8d70b0a35d9883e73150ca,11,12
1774652896,1132,P957,ISBN-10,"former identifier for a book (edition), ten digits. Used for all publications up to 2006 (convertible to ISBN-13 for some online catalogs; useful for old books or fac-similes not reedited since 2007)",عُثمان,reform_Q60385843_P957_1774652896,Unique value,[],91ecbfa2476203c7a7244a62197c0de673ffc775,9aba6940dbcd0fb102409e100e7e40ecbfc6b531,8,9
2444079634,1070,P4969,derivative work,"new work of art (film, book, software, etc.) derived from major part of this work",Triggerhippie4,reform_Q127672147_P4969_2444079634,"Type Q|386724, Q|4886, Q|43099500, Q|95074, Q|18706315, Q|16686448, Q|116779428, Q|11424, Q|48708989, Q|15142894, Q|47451145",[],299ae3d11d3719afbe8480654eb40a568a11f3df,1d838d36ca14189d2b1aba130c0d9bc8b6393c0e,6,6
2442147265,1020,P121,item operated,"equipment, installation or service operated by the subject",LBLaiSiNanHai,reform_Q115908394_P121_2442147265,"Type Q|24229398, Q|14623646, Q|16334295, Q|1190554, Q|62934160, Q|7406919, Q|55006986, Q|13226383, Q|95074, Q|12737077, Q|340169, Q|1322323, Q|47311934, Q|268592, Q|7397, Q|3249551, Q|1656682",[],341a5a0a3b32c6863ad6fb34bc0f624b66c821a1,91f4dae117a3fb5af4ade635095e90c4ffc4a7b8,4,4
2441781084,956,P50,author,"main creator(s) of a written work (use on works, not humans); use P2093 (author name string) when Wikidata item is unknown or does not exist",210rabbit,reform_Q125306379_P50_2441781084,"Value type Q|215627, Q|61002, Q|43229, Q|16334295, Q|95074, Q|5, Q|11660, Q|75855169, Q|107307291, Q|24229398, Q|78056559, Q|60557912",[],94c1ff95280d7796d150be1ee06bfbaca60ea1ad,3977abd613ee7714eea347e81e26bd9496d277d8,14,14
2440585344,852,P2388,position held by head of the organization,position of the head of this item,Swpb,reform_Q118745310_P2388_2440585344,"Type Q|43229, Q|14623646, Q|16970",[],0b8b5ab93d0f8b80db61e8a7af333980fec697b4,08f94ecc39f223d331b338aa84ba4b3629bfbc90,6,6
2439776691,664,P800,notable work,"notable scientific, artistic or literary work, or other work of significance among subject's works",AVDLCZ,reform_Q92796658_P800_2439776691,"Value type Q|386724, Q|1151067, Q|151885, Q|11862829, Q|211364, Q|1293220, Q|17737, Q|1799072, Q|14208553, Q|246672, Q|1298668, Q|170584, Q|36534, Q|12772819, Q|65943, Q|2424752, Q|43229, Q|2668072, Q|8261, Q|618779, Q|9081, Q|1711593, Q|10541491, Q|7406919, Q|820655, Q|2095, Q|1914636, Q|1656682, Q|16510064, Q|22811462, Q|185925, Q|853614, Q|47461344, Q|27058, Q|193946, Q|12280, Q|124301146, Q|3658341, Q|131841, Q|41176, Q|811979, Q|483394, Q|106822736, Q|17319698, Q|190084, Q|3249551, Q|1640824, Q|101965, Q|95074, Q|12826253, Q|115633690, Q|113145171",[],8738bc50e1b24f536e9f5b63f53b789741ea3148,8fa55dea5c851c51af5c1fcf4f0d1bfa28d99b71,5,5
2442704771,664,P31,instance of,type to which this subject corresponds/belongs. Different from P279 (subclass of); for example: K2 is an instance of mountain; volcano is a subclass of mountain,Trade,reform_Q117190579_P31_2442704771,None of,[],a812be9148ef19ef44ea6a8a21b9f347000b2c31,d848f4a3f57e469600cc4f5f1793452d7f9c6ef1,197,196
2438012093,593,P495,country of origin,"country of origin of this item (creative work, food, phrase, product, etc.)",Trade,reform_Q1990294_P495_2438012093,"Type Q|2424752, Q|16334295, Q|2095, Q|187931, Q|1778821, Q|264965, Q|38829, Q|2531956, Q|2239243, Q|1826286, Q|33384, Q|60733114, Q|483394, Q|4533081, Q|2198855, Q|1813494, Q|350453, Q|11410, Q|349, Q|28877, Q|19861951, Q|13002315, Q|8192, Q|4113741, Q|59544, Q|82821, Q|327496, Q|1485500, Q|17558136, Q|2235308, Q|1824109, Q|223557, Q|14897293, Q|130989, Q|384748, Q|1969448, Q|251777, Q|20203727, Q|17489659, Q|31629, Q|49371, Q|131569, Q|321839, Q|1572600, Q|386724, Q|38672, Q|117009251, Q|42298422, Q|7257, Q|3241972, Q|862597, Q|188451, Q|2401485, Q|16686448, Q|8187769, Q|1039303, Q|66661745, Q|1445650, Q|16510064, Q|17376908, Q|110295396",[],6631a0745be7fff52e1004120b4f25dbd181224a,0823eee8022c1c3c6f79811c8a30c94e6d35336b,28,27
2425181358,576,P2877,SureChEMBL ID,the chemical compound identifier for the EBI SureChEMBL 'chemical compounds in patents' database,AdrianoRutz,reform_Q82567911_P2877_2425181358,Single value,[],e88c91b6c9c0c93fb8ce41356ad009e795c41b9d,d888370954dd4fe246fb2536adb4e79fd074fe62,5,5
2392822749,400,P6570,number of words,number of words in text,Clemens Dulcis,reform_Q106908831_P6570_2392822749,Type Q|47461344,[],bd9dfd490aa8447d5da696f9aad5db3f17680cc0,087e474c87e1c8502364c4fcab53f6504dcad293,10,10
1713906839,387,P282,writing system,"alphabet, character set or other system of writing used by a language, word, or text, supported by a typeface",عُثمان,reform_Q13057047_P282_1713906839,One of,[],282fa125cd4e285b482bd691b211bd14fdc7f383,41b0efd0045833d67dfbaa50a5f74ea899707a20,4,4
2443240310,374,P535,Find a Grave memorial ID,identifier of an individual's burial place in the Find a Grave database,Jerimee,reform_Q125415509_P535_2443240310,Item P|21,[],89eddd957695712cb532194c4dc94333b31f33af,739144e1e8759a54ba6450c00d75cd085d5983dd,12,11
2447527451,280,P921,main subject,primary topic of a work or act of communication,YotaMoteuchi,reform_Q135263999_P921_2447527451,"Type Q|386724, Q|16334295, Q|1302249, Q|483394, Q|1656682, Q|600134, Q|131257, Q|1406161, Q|676586, Q|230788, Q|30612, Q|1964968, Q|23649976, Q|192909, Q|2904148, Q|9388534, Q|2668072, Q|178059, Q|379833, Q|21004260, Q|278485, Q|1298668, Q|101965, Q|17524420, Q|305178, Q|170584, Q|4503831, Q|62090711, Q|4915012, Q|955824, Q|978, Q|134995, Q|362165, Q|3239681, Q|151885, Q|2416723, Q|18593264, Q|21484471, Q|3689704, Q|12139612, Q|13406463, Q|14204246, Q|3026787, Q|108163, Q|16695773, Q|451967, Q|309, Q|131714, Q|20669447, Q|4406616, Q|190539, Q|853614, Q|6576792, Q|1151067, Q|17558136, Q|102345381, Q|110832782, Q|11862829, Q|55421512, Q|177634, Q|2800000, Q|10737, Q|6056746, Q|900406, Q|382996, Q|856592, Q|2684591, Q|628523, Q|464980, Q|4202233, Q|180684, Q|2334719, Q|124301146, Q|26256810, Q|189533, Q|187117, Q|184511, Q|44619, Q|618779, Q|2145290, Q|187931, Q|2472587, Q|43229, Q|358, Q|11016, Q|49848",[],27f65b7446fdc00965554e75fb3f409357651989,d5ea1158d61a890f5b9b5973dbea33604cae9572,15,15
2443822224,275,P106,occupation,"occupation of a person. See also ""field of work"" (Property:P101), ""position held"" (Property:P39). Not for groups of people. There, use ""field of work"" (Property:P101), ""industry"" (Property:P452), ""members have occupation"" (Property:P3989).",Swpb,reform_Q37367867_P106_2443822224,Allowed qualifiers,[],9d0f267ca42bc39cf983ca2f7e3070c43e8b57ac,58e7eb2c44629bff3a036a7510e9843f7dbe3d34,39,39
2441373454,271,P675,Google Books ID,identifier for a book edition in Google Books,Ferran Mir,reform_Q135392903_P675_2441373454,"Type Q|3331189, Q|57933693, Q|136832029, Q|732577, Q|136747113",[],bab0ba7a85b0843ceb8ef544c0e296eb4bef788d,09178c4af278d40d32a8355e9767af3fee78b81d,11,11
2439847902,239,P7959,historic county,"traditional, geographical division of Great Britain and Ireland",Tæppa,reform_Q26521606_P7959_2439847902,"Type Q|2221906, Q|1190554, Q|811979, Q|486972, Q|13226383, Q|82794, Q|64728694, Q|123349660, Q|179700",[],5fa42c10d53635b6a6a759017b0fc11e6b3301fa,bf79a621f0c7991fb5bd0c8fe4c73cd8b196c7db,8,8
2441343882,237,P108,employer,person or organization for which the subject works or worked,Swpb,reform_Q4340760_P108_2441343882,"Value type Q|43229, Q|14623646, Q|16334295, Q|5, Q|95074, Q|327333, Q|1248784, Q|1002697, Q|102496, Q|13002315, Q|5446565, Q|35127, Q|783794, Q|10648343, Q|15632617, Q|11812394, Q|2659904, Q|15416, Q|16560, Q|24634210, Q|15911314, Q|2001305, Q|3152824, Q|56061, Q|11032, Q|1555508, Q|245016, Q|820477, Q|2385804, Q|13235160, Q|13226383, Q|6056746, Q|1474440, Q|22988604, Q|21070568, Q|167037, Q|2085381, Q|431289, Q|15265344",[],e63d4c64338b2bd9c36a260f5756f78d691d9e0d,c09fde5beabd102ac2dc95c975699f20df58a2d3,7,7
2442828050,234,P31,instance of,type to which this subject corresponds/belongs. Different from P279 (subclass of); for example: K2 is an instance of mountain; volcano is a subclass of mountain,Jerimee,reform_Q877578_P31_2442828050,Target required claim P|279,[],d848f4a3f57e469600cc4f5f1793452d7f9c6ef1,f70bbdec141115c1b3be9558021013a0a7950f89,196,196
2444974849,221,P39,position held,subject currently or formerly holds the object position or public office,Swpb,reform_Q30147739_P39_2444974849,Allowed qualifiers,[],af323bba5e804a9348be5b6596fe8c43a52eb32d,682e07bd299b27ba4df4cc74bf8e15de2ba5dea9,18,18
2439848360,173,P613,OS grid reference,grid location reference from the Ordnance Survey National Grid reference system used in Great Britain,Tæppa,reform_Q26431751_P613_2439848360,"Type Q|2221906, Q|811979, Q|618123, Q|2385804, Q|179700",[],7428972d0ee1705b0806134f597a1fa5e92b5290,d1942dabf3c51f84e13a22f37598be4824983ea1,4,4
2026755025,163,P1786,posthumous name,name given to a person after death (East Asia),Trường Mộc,reform_Q11119321_P1786_2026755025,Allowed qualifiers,[],7d35c2fe294be92483530a098e1e9aca1e25cb6c,5c79afefc2e6c59b4f686ea67fdd14ec922d6ccd,8,8
2439365717,143,P245,Union List of Artist Names ID,identifier from the Getty Union List of Artist Names,Marsupium,reform_Q5221763_P245_2439365717,Item P|19,[],402621bf2d06e5c84c7553f6faaeab9acc75407c,6b0f28bdca7061b261c9ba3cc200657fb8c0187b,12,12
2441845568,141,P421,located in time zone,time zone for this item,RVA2869,reform_Q6091397_P421_2441845568,"Type Q|27096213, Q|1777301, Q|36669, Q|17272482, Q|1190554",[],59a57149d7aa11ef4a244d7f3f250a78c26cbb62,44e0f5a385db5d2f3c6d489db672fbeb14051793,9,9
2442691260,135,P856,official website,"URL of the official page of an item (current or former). Usage: If a listed URL no longer points to the official website, do not remove it, but see the ""Hijacked or dead websites"" section of the Talk page",Legonin,reform_Q136793526_P856_2442691260,Unique value,[],eb15cf149d21b5d909a97543682e7756361d93c0,9cebba9c089543e647dd61637ec2b182fddf9841,12,12
2443941926,130,P856,official website,"URL of the official page of an item (current or former). Usage: If a listed URL no longer points to the official website, do not remove it, but see the ""Hijacked or dead websites"" section of the Talk page",Swpb,reform_Q136803951_P856_2443941926,Unique value,[],3c2899c028e647d0aeabbccc7a6f71665a3b8165,a24e4427528acfa48d593fe8b3d3db4c276c2009,12,12
2249896692,113,P166,award received,"award or recognition received by a person, organization or creative work",Vhorvat,reform_Q39050726_P166_2249896692,Q|5,[],a56cd7d997809bf6779f2c62cafc6e643c715c8e,538607b6a8bab355e9aced7b6da27e545a46a758,8,8
2444096084,108,P127,owned by,owner of the subject,Swpb,reform_Q123651589_P127_2444096084,"Value type Q|215627, Q|43229, Q|115537581, Q|14623646, Q|56061, Q|874405, Q|3778211, Q|34627, Q|4233718, Q|102345381, Q|3914, Q|61002, Q|2001305, Q|14514600, Q|44613, Q|15642541",[],e54aa6ed8b1addf3753fecb526110c63a22c560b,74ad021ead977c2a915de5e42349548caf17ed60,8,8
2441161838,105,P12496,WhatPub pub ID,identifier for a pub on WhatPub,Tæppa,reform_Q5412047_P12496_2441161838,"Item P|17 one of Q|145, Q|785, Q|9676, Q|25230","[""Q111204896""]",5902be22efa2d31f5021ae91d90fae0e2d437a82,5bc450a4f62f6f37890025a7d03505b0b41277d9,11,12
2437507566,104,P131,located in the administrative territorial entity,the item is located on the territory of the following administrative entity. Use P276 for specifying locations that are non-administrative places and for items about events. Use P1382 if the item falls only partially into the administrative entity,Necessarycoot72,reform_Q16475784_P131_2437507566,Target required claim P|17,[],69774ae093d067e99709c2489d12aec3785522ce,5760e2f84413098a914c8a5b9269acb4fce68305,18,18
2442859490,95,P20,place of death,"most specific known (e.g. city instead of country, or hospital instead of city) death location of a person, animal or fictional character",Clemens Dulcis,reform_Q13174468_P20_2442859490,"Value type Q|2221906, Q|3895768, Q|27096213, Q|837142, Q|4260475, Q|3238337, Q|178561, Q|16917, Q|6999, Q|67140121, Q|13226383, Q|55438959, Q|41176, Q|618123, Q|233324, Q|4130, Q|219858, Q|112872396",[],1b650bbd9cc4819d1a746164606ea69d972e2ca2,dc262e10af3a493887d6c66b044d512c3e6eb1f3,10,10
2445635727,92,P31,instance of,type to which this subject corresponds/belongs. Different from P279 (subclass of); for example: K2 is an instance of mountain; volcano is a subclass of mountain,Vestnik-64,reform_Q8262638_P31_2445635727,None of,[],f70bbdec141115c1b3be9558021013a0a7950f89,ccb9f062892c67b7445b2860b6477d0fd3c618cf,196,196
830893545,80,P6280,Berlin protected area ID,"identifier of protected areas in Berlin, Germany",Ahoerstemeier,reform_Q60465705_P6280_830893545,Unique value,"[""Q19474404""]",a2ea62a37e66f02089bd48a9b1a9e579c1125479,3405beadd9257d7399ee94404d369e1e591d3677,1,2
2440930250,76,P421,located in time zone,time zone for this item,Herzi Pinki,reform_Q451301_P421_2440930250,Conflicts with P|31,[],1d4d35a0022e0a13a6087df913821789d9e8aa1d,59a57149d7aa11ef4a244d7f3f250a78c26cbb62,9,9
2441005469,68,P31,instance of,type to which this subject corresponds/belongs. Different from P279 (subclass of); for example: K2 is an instance of mountain; volcano is a subclass of mountain,Amqui,reform_Q1965323_P31_2441005469,Target required claim P|279,[],d9c5c91389309cce49c93c29f42a7aab6969a231,a812be9148ef19ef44ea6a8a21b9f347000b2c31,198,197
2437479658,64,P227,GND ID,"identifier from the Gemeinsame Normdatei authority file of names, subjects, and organizations",Kolja21,reform_Q5613648_P227_2437479658,Label in de language,[],55ff57535ceec54e03649675c3a5113540e3d296,d1898707209caacffb56568b0cc6dabbb115ef8e,10,10
2442267688,64,P17,country,sovereign state that this item is in (not to be used for human beings),Clemens Dulcis,reform_Q390841_P17_2442267688,Conflicts with P|31,[],7165d90b925db25df453378686fd6771831f1cc6,5ef7d89649c9ff90fe1a52368496e645eacec34b,48,48
2446852358,57,P856,official website,"URL of the official page of an item (current or former). Usage: If a listed URL no longer points to the official website, do not remove it, but see the ""Hijacked or dead websites"" section of the Talk page",Clemens Dulcis,reform_Q320969_P856_2446852358,Single value,[],a24e4427528acfa48d593fe8b3d3db4c276c2009,a36a61f0e86f73f6deb18c55577835a1b9bbf650,12,12
2439154480,55,P21,sex or gender,"sex or gender identity of human or animal. For human: male, female, non-binary, intersex, transgender female, transgender male, agender, etc. For animal: male organism, female organism. Groups of same gender use subclass of (P279)",Trade,reform_Q136672931_P21_2439154480,"Type Q|5, Q|729, Q|115537581, Q|15619164, Q|201662, Q|40614, Q|7239, Q|11012, Q|10832, Q|79600797, Q|16521, Q|1285470, Q|26513, Q|2345820, Q|111282474, Q|2593744, Q|168658, Q|15707583, Q|26401003, Q|61002",[],7f4c42dc094e07e6c9eafdc0fbb8579598343f36,4153e44669496bf040a48eb9d9fecb724aee43d6,38,38
2447213274,51,P856,official website,"URL of the official page of an item (current or former). Usage: If a listed URL no longer points to the official website, do not remove it, but see the ""Hijacked or dead websites"" section of the Talk page",Trivialist,reform_Q136926847_P856_2447213274,Unique value,[],a36a61f0e86f73f6deb18c55577835a1b9bbf650,a3c6b9ae9ecf7dae4721f27e9093f68129421a13,12,12
2444366220,50,P910,topic's main category,main Wikimedia category,Clemens Dulcis,reform_Q433211_P910_2444366220,Inverse,[],243303b03a05ec9a4d9d29506693772706b73942,c04c8b7bba53756644b83d744bd63d65b3af1b1a,8,8
2355127724,49,P400,platform,"platform for which a work was developed or released, or the specific platform version of a software product",Trade,reform_Q3467448_P400_2355127724,None of,[],2a0fcd019beedf9ea03197f3bcf9821f5dacfda3,fd8998e99a76e16dd5985b5dae7f07e6b892dde1,27,27
2438671525,45,P243,OCLC number,identifier for a bibliographic record in OCLC WorldCat,Michel Bakni,reform_Q94633879_P243_2438671525,"Type Q|3331189, Q|1002697, Q|53731850, Q|571, Q|1172284, Q|187685, Q|1907875, Q|798134, Q|1266946, Q|7725634, Q|732577, Q|2217301, Q|9388534, Q|60474998, Q|2668072, Q|11424, Q|2031291, Q|3302947, Q|7889, Q|110048320, Q|4006, Q|482994, Q|47461344, Q|17105540, Q|60475203, Q|87167, Q|1980247",[],29b164bd6a704d4d183730840cde322b1dc96d38,0b0cae3cd40722ea81274b211066d89a0d96b361,7,7
2442705670,45,P123,publisher,"organization or person responsible for publishing a work, such as a book, periodical, printed music, podcast, game or software",Trade,reform_Q136504773_P123_2442705670,"Type Q|1151067, Q|80793969, Q|95107111, Q|374814, Q|7397, Q|286583, Q|17538690, Q|571, Q|11410, Q|105543609, Q|7058673, Q|115473170, Q|116779426, Q|1714118, Q|904997, Q|62651817, Q|3331189, Q|97180164, Q|124030631, Q|106140535, Q|1980247, Q|732577, Q|1748756, Q|49094714, Q|7725310, Q|1348645",[],b3587ce8e60c5825467ef95c0c087e052fd7cb39,43b1fc0c8abf83553480e2e6e6f43a40a4839f91,11,11
2265468275,45,P2249,RefSeq genome ID,ID in the RefSeq Genome database,ChristianKl,reform_Q18966995_P2249_2265468275,Single value,"[""Q53869507""]",2dfc9c713d597654da3f6f97ff7b2cf2b8d81662,514df148fe06fa0fbc1b5efd9fca0eb88be89f4c,6,5
2444117279,41,P1344,participant in,"event in which a person, organization or creative work was/is a participant; inverse of P710 or P1923",Swpb,reform_Q171338_P1344_2444117279,"Value type Q|1190554, Q|386724, Q|43229, Q|101965, Q|14136353, Q|1914636, Q|1656682",[],ca50d932ee6ddd7258eaedaed5c8392f6306bddd,6545e4945ca6c09cf83514519b18146d39a5f7ce,7,7
2439631750,41,P40,child,"subject has object as child. Do not use for stepchildren—use ""relative"" (P1038), qualified with ""type of kinship"" (P1039)",Pallor,reform_Q104236321_P40_2439631750,Parents,[],60c83b5ae1337975a128c551accca39fef8ff56f,8feae53c70beb5285328160c515770f87497338e,12,12
2444961406,33,P39,position held,subject currently or formerly holds the object position or public office,Swpb,reform_Q18816660_P39_2444961406,Allowed qualifiers,[],204a300911011a4844dc1ba4d45d3b41ac6e9a62,af323bba5e804a9348be5b6596fe8c43a52eb32d,18,18
2356114887,33,P12379,Brussels Inventory of Architectural Heritage ID,"identifier for architectural heritage in the Brussels-Capital Region, Belgium",JhowieNitnek,reform_Q130569383_P12379_2356114887,Item P|131,"[""Q19474404""]",746f020dab38b308c8d2cf5d1c4b1f106fc133d2,9d56cc7c7b0c4597f7585d9f174f4e71d9f791d5,8,7
2438379766,29,P212,International Standard Book Number-13,"identifier for a book (edition), thirteen digit",عُثمان,reform_Q55258956_P212_2438379766,Conflicts with P|31,[],c4bbea85fe8f7425b71bf2e1869af647eb1d704d,088e3bf738e3ac8b7031e3727dcc967cf5915573,16,16
1707966882,29,P282,writing system,"alphabet, character set or other system of writing used by a language, word, or text, supported by a typeface",عُثمان,reform_Q55842039_P282_1707966882,One of,"[""Q53869507""]",620fed1a7a66089120fd787a677da8e49f56e3f0,282fa125cd4e285b482bd691b211bd14fdc7f383,3,4
2436835478,27,P347,Joconde work ID,identifier in the Joconde database of the French Ministry of Culture,Nono314,reform_Q64732485_P347_2436835478,Item P|2049,[],ccc33528971b9e2cc1eac655d494ed3d60e22d32,397e7d698bdfbe2b67a6e8857db17e8e31033b49,19,18
2440830812,27,P170,creator,maker of this creative work or other object (where no more specific property exists),DaxServer,reform_Q131339411_P170_2440830812,"Value type Q|5, Q|16334295, Q|14514600, Q|11019, Q|729, Q|43229, Q|16017119, Q|7397, Q|35273, Q|24229398, Q|60198807, Q|28640, Q|170584, Q|95074, Q|17442446",[],1741eab8b4ac0408db08129916e7d7fc1e714511,c21c78328e24d9a9a3cfdee120c374c0a31e2473,12,12
1577277439,25,P1346,winner,"winner of a competition or similar event, not to be used from the awardees record (instead use ""award received"" (P166), possibly qualified with ""for work"" (P1686)) nor for wars or battles",Lucio Luiz,reform_Q22138648_P1346_1577277439,"Value type Q|5, Q|43229, Q|6266, Q|5107, Q|726, Q|1002697, Q|1364192, Q|486972, Q|56061, Q|95074, Q|571, Q|1004, Q|386724",[],33ebba8f595b7d9221d8dad0f7114ae058a6f3d5,543e6e09dcb8cc7824fdf0db30d1c54aa8810398,7,7
2438613236,24,P159,headquarters location,city or town where an organization's headquarters is or has been situated. Use P276 qualifier for specific building,Arlo Barnes,reform_Q1065061_P159_2438613236,Item P|17,[],299c5fe622eb5253084572fbe0e5a2bd6c3b94af,c9ee80954d6bab31b8d9166eba86ae29f8ec4a36,7,7
1714119687,23,P370,Sandbox-String,"Sandbox property for the data value type ""String""",JesseW,reform_Q91721972_P370_1714119687,Entity types,"[""Q52004125""]",b6a585920c5dbc697b1df3acf4c4edcfb28ddcf2,f7189ae451113c8aa58775454620c956b93fc50b,2,1
2445073477,21,P691,NL CR AUT ID,identifier in the Czech National Authority Database of National Library of the Czech Republic (NL CR),Mahir256,reform_Q874154_P691_2445073477,Label in cs language,[],ce2f07aaa93e3a38bd7317f8fc79ac642eefe1d3,ea9a73a70384e60db1bf18f0aaef2889ee16b2b3,8,8
2439160008,21,P1343,described by source,"work where this item is described, in statistical contexts, a methodological note describing the data",Trade,reform_Q88402254_P1343_2439160008,"Value type Q|386724, Q|3331189, Q|151885, Q|1277575, Q|12139612, Q|36774, Q|571, Q|7433672, Q|36279, Q|1030034, Q|34508, Q|17489659, Q|2085381, Q|43229, Q|63412991, Q|309, Q|1656682, Q|30941709",[],f906ca30e465e6b803f127f3de1ab9e23d10f66f,eff182f4b1551292484df21362c7e25715775613,27,28
2442929033,20,P345,IMDb ID,"identifier for the IMDb (with prefix 'tt', 'nm', 'co', 'ev', 'ch' or 'ni')",Triggerhippie4,reform_Q135215912_P345_2442929033,Item P|31,[],c71f2014daccb1d4be03d8a461945b50aedb3920,858e6a967c1b77aaa22ca71097a1d9af6c1c300b,15,15
2442830648,19,P1417,Encyclopædia Britannica Online ID,identifier for an article in the online version of Encyclopædia Britannica,Trade,reform_Q303626_P1417_2442830648,Label in en-gb language,[],d897cfd49bb8cf44f9a4603e9c8dece13a904e01,b08de40aee4590b4c557b55cbeed5c00119134fe,11,11
696609399,17,P2202,lower flammable limit,the lower bound of the concentration range over which a flammable mixture of gas or vapour in air can be ignited at a given temperature and pressure (0-1),MisterSynergy,reform_Q409178_P2202_696609399,Units,[],44dc4f5d1bd600ca91eb235727181d9c4c48dc3e,9592fdf4c2ccb0d5c79aa9e2a30971309abd5f19,3,3
2444587351,17,P159,headquarters location,city or town where an organization's headquarters is or has been situated. Use P276 qualifier for specific building,JMMaok,reform_Q55700784_P159_2444587351,"Type Q|43229, Q|14623646, Q|11032, Q|56061, Q|1002697, Q|5446565, Q|35127, Q|783794, Q|327333, Q|895526, Q|431289, Q|104921473, Q|170584, Q|132241, Q|149621, Q|6056746, Q|1656682, Q|841654, Q|702492, Q|4830453, Q|15893266, Q|55097243, Q|3982337",[],c9ee80954d6bab31b8d9166eba86ae29f8ec4a36,786aa98766d0026ef2d0abb564fbb59ff7b3316e,7,7
2437675608,16,P691,NL CR AUT ID,identifier in the Czech National Authority Database of National Library of the Czech Republic (NL CR),Kolja21,reform_Q1963516_P691_2437675608,Label in cs language,[],bde5ec99c4cd06b07a117b8bc5930bdd2fad86d8,ce2f07aaa93e3a38bd7317f8fc79ac642eefe1d3,8,8
2443210068,15,P2517,category for recipients of this award,link to Wikimedia category for recipients of this award,Clemens Dulcis,reform_Q4193239_P2517_2443210068,Unique value,[],c2b4fff6be93b6bc072701efb9765dbbeab50b30,5f90e38aa47b065d40373c58c88b8ccd0460de73,11,11
2446197312,14,P8392,Rate Your Music release ID,identifier for a music release on Rate Your Music site,Coagulans,reform_Q108940542_P8392_2446197312,Conflicts with P|1954,"[""Q21503247""]",66afd8f3503f2511ff0ceb1ee6182cf41225f856,9452bfb6411c847b370dbba4ed522b34ba3ec20c,12,13
2443524013,14,P276,location,"location of the object, structure or event; use P131 to indicate the containing administrative entity, P8138 for statistical entities, or P706 for geographic entities; use P7153 for locations associated with the object",Swpb,reform_Q111649202_P276_2443524013,"Value type Q|17334923, Q|618123, Q|82794, Q|3895768, Q|1656682, Q|47495022, Q|20203388, Q|4130, Q|6999, Q|190463, Q|2133296, Q|4936952, Q|988108, Q|11033, Q|2385804, Q|36133, Q|13226383, Q|2221906, Q|18670171, Q|3238337, Q|118547484, Q|204606, Q|9158768, Q|121141099, Q|41176, Q|7075, Q|166118, Q|43229, Q|853614, Q|13196193",[],39cd53783209014c91a9f63af616278c7af45f26,cf5f941d08a0feff6339e17d6bb3c644c3d22d76,13,13
1636003825,14,P10717,Encyclopedia of Ideas ID,Hebrew-language encyclopedia describing philosophical ideas in daily life,Pamputt,reform_Q1128018_P10717_1636003825,Unique value,"[""Q19474404""]",d0d87360eefd70543b57752961a26f509b3ff453,2bce93b2236f390231e5262059cdb155a5795b0e,1,2
2444658197,13,P410,"military, police or special rank","military or police rank achieved by a person (should usually have a ""start time"" qualifier), or military or police rank associated with a position",Shabe,reform_Q48231_P410_2444658197,"Type Q|5, Q|95074, Q|26401003, Q|4164871, Q|13002315, Q|4271324",[],4733d1c03af78f9016ea0ce28758bfd18b29c0f9,9bd58da4ffb372f5daf279bd7f04c3faf1d83f6c,6,6
2438259013,11,P1588,Statistics Indonesia area code,"unique code for a place, last issued in 2021 by Statistics Indonesia (Badan Pusat Statistik)",Danil Satria,reform_Q4189915_P1588_2438259013,Item P|625,[],51cc9c5f0280c618a493380dd2a11cbcde31a446,4d5f40959f2e6f6eddc3e6ab3532c653518b1f92,9,9
2444981085,11,P12347,NientePopCorn movie ID,identifier for a movie at NientePopCorn.it,Ontogon,reform_Q60738682_P12347_2444981085,Format,[],ec39d9bce56b76c9848e8ac7cc4de4c93dd1bde5,6606f5f69217055e56dbf3d7c7ea1f0ad077cdb9,7,7
1719625275,11,P2521,female form of label,female form of name or title (for male use P3321),HarryNº2,reform_Q1049296_P2521_1719625275,Item P|3321,[],cc14febcd9fad0d2148f06cbf373d4850baf5d97,42e4e2c51d366fbf19084c4ab0a0759e9306eafa,6,6
664935190,10,P4414,New Brunswick Sports Hall of Fame athlete ID,identifier for an athlete on the New Brunswick Sports Hall of Fame,Manu1400,reform_Q6162372_P4414_664935190,Item P|P166,[],c5c1f8743d1ec6d06a8c2d8ab074eff1c1bdab37,e45ee1d9ee546bcaf192661ad2e22ec6e380a01d,4,4
2440746684,10,P190,twinned administrative body,"twin towns, sister cities, twinned municipalities and other localities that have a partnership or cooperative agreement, either legally or informally acknowledged by their governments",Jpnbot,reform_Q107006876_P190_2440746684,"Value type Q|56061, Q|515, Q|7930989, Q|123705, Q|486972, Q|55488, Q|3914, Q|4989906",[],8a70cd3a253177cd6d177081d5c6dc307edcd89f,e0b80a748b26f7c5d8e261f31f900416046d827e,7,7
2445410203,10,P356,DOI,serial code used to uniquely identify digital objects like academic papers (use upper case letters only),Gerwoman,reform_Q39195828_P356_2445410203,Unique value,[],5cf55bb7e171e2d1e14836aae52873a6c022631b,d031ea02a7b0db039216fefe8f4327579c311afd,14,15
2289317152,9,P175,performer,"actor, musician, band or other performer associated with this role or musical work",Trade,reform_Q130758854_P175_2289317152,"Type Q|386724, Q|1656682, Q|95074, Q|1707847, Q|98216532, Q|115668795, Q|7725310, Q|14514600",[],6ec6445c098411b1515d783b722ab338b09679d7,3dc455e8a8adf7fb4510c94a4c5b1a4e913b8cd7,9,9
2445523281,9,P269,IdRef ID,"identifier for authority control in the French collaborative library catalog (see also P1025). Format: 8 digits followed by a digit or ""X""",Thomas Kerboul (BGE),reform_Q2370801_P269_2445523281,Unique value,[],7001e5b91ee685cbf6467bb34973749c2e5258df,885bab3ddcf610be0c045df2830bd44b8d0037de,6,6
2327498904,9,P1225,U.S. National Archives Identifier,identifier for the United States National Archives and Records Administration's online catalog,Tokrkbot,reform_Q517243_P1225_2327498904,Single value,[],d5d771519de4446dc0f3b34cc1f488947ae99bd8,1f7576271bb52fa68632087c4ff831d16a3b5e3d,4,4
2442006549,9,P802,student,notable student(s) of the subject individual,Swpb,reform_Q57286_P802_2442006549,Contemporary,[],5739fe4b225c30a89bf48e888d0aa614cdc28ffb,7a5fcd26d49c2fc8557471ba9b17460f363afe58,7,7
2439640123,9,P1412,"languages spoken, written or signed","language(s) that a person or a people speaks, writes or signs, including the native language(s)",Waldyrious,reform_Q21208625_P1412_2439640123,"Type Q|215627, Q|7380, Q|584529, Q|134601727, Q|79600797, Q|61002, Q|15831596, Q|3658341, Q|15632617, Q|89050913, Q|2593744",[],1618f9f7590f424cd9d28cb29b2495b046fa8cbf,38840755fd68610505553aaafb2a1552039460a9,11,11
2437412687,9,P108,employer,person or organization for which the subject works or worked,Andre Engels,reform_Q6290537_P108_2437412687,"Value type Q|43229, Q|14623646, Q|16334295, Q|5, Q|95074, Q|327333, Q|1248784, Q|1002697, Q|102496, Q|13002315, Q|5446565, Q|35127, Q|783794, Q|10648343, Q|15632617, Q|11812394, Q|2659904, Q|15416, Q|16560, Q|24634210, Q|15911314, Q|2001305, Q|3152824, Q|56061, Q|11032, Q|1555508, Q|245016, Q|820477, Q|2385804, Q|13235160, Q|13226383, Q|6056746, Q|1474440, Q|22988604, Q|21070568, Q|167037, Q|2085381, Q|431289, Q|15265344",[],8f57ec6ac84b5b83e7938210b45343032c5e6154,e63d4c64338b2bd9c36a260f5756f78d691d9e0d,7,7
2446092572,9,P161,cast member,"actor in the subject production [use ""character role"" (P453) and/or ""name of the character role"" (P4633) as qualifiers] [use ""voice actor"" (P725) for voice-only role] - [use ""recorded participant"" (P11108) for non-fiction productions]",Lewis Hulbert,reform_Q124745260_P161_2446092572,"Value type Q|5, Q|26401003, Q|120544, Q|1141470, Q|18510489, Q|11664239, Q|95074, Q|215380, Q|216866",[],27efe2c238a6eee45d5d6f02db76490fd6d25590,4d3f53623e1d5a9372cda5dad1b5bab32148cb71,12,12
2439609481,8,P434,MusicBrainz artist ID,identifier for an artist in the MusicBrainz open music encyclopedia,Revi C.,reform_Q110270967_P434_2439609481,"Type Q|5, Q|16334295, Q|95074, Q|14514600, Q|2088357, Q|431289, Q|59755569, Q|87189273, Q|21070568, Q|24634210, Q|55155641",[],6aaef4c10a7dad74702c1f25ae4069cca5e13ccd,c05cecd7e93c005a95b408db95e8f0714897bf4c,17,17
1682463811,8,P242,locator map image,geographic map image which highlights the location of the subject within some larger entity,عُثمان,reform_Q4211237_P242_1682463811,"Type Q|2221906, Q|15221623, Q|56061, Q|484652, Q|1127126, Q|82794, Q|1190554, Q|8928, Q|52110228, Q|315, Q|3895768, Q|227936, Q|41710, Q|811979, Q|25295, Q|151885",[],d0acb3ef1ca8f81d862a9a5785d7c98c7782b750,3145a1b36a4b0d500e98964902b60ebb87d52762,6,6
2443872580,8,P373,Commons category,"name of the Wikimedia Commons category containing files related to this item (without the prefix ""Category:"")",Clemens Dulcis,reform_Q134774260_P373_2443872580,Commons link,[],847cc606259b0433da724dc728d5a1a47ae1647c,e5ff6f21e501dc868e71379e3a3627bbca239e66,6,6
2443999770,7,P1399,convicted of,crime a person or organization was convicted of,Pallor,reform_Q7412881_P1399_2443999770,Mandatory Qualifiers,[],e44744442fb6d0e5fe651cd7ba7f0363a08d1d25,f768a342feebc74b8fe530ae847548b7708af59e,8,8
2443310519,7,P2094,competition class,"official classification by a regulating body under which the subject (events, teams, participants, or equipment) qualifies for inclusion",Mitte27,reform_Q6596715_P2094_2443310519,"Type Q|13406554, Q|4438121, Q|768186, Q|1744559, Q|42889, Q|29048322, Q|1241356, Q|16510064, Q|16334295, Q|15229207, Q|18608583, Q|107285679, Q|46135307, Q|29791211, Q|137424753",[],e054bcd1226272b2c0a6a49a829d9fde160ba75f,30dbd2dbb202d34107cdea391b1a7a596cbfaf87,6,6
2440675178,7,P31,instance of,type to which this subject corresponds/belongs. Different from P279 (subclass of); for example: K2 is an instance of mountain; volcano is a subclass of mountain,Clemens Dulcis,reform_Q453346_P31_2440675178,None of,[],ce4232e77bc7d6290fc000803a238c5704d79301,a812be9148ef19ef44ea6a8a21b9f347000b2c31,197,197
2445451375,6,P269,IdRef ID,"identifier for authority control in the French collaborative library catalog (see also P1025). Format: 8 digits followed by a digit or ""X""",Epìdosis,reform_Q670268_P269_2445451375,Unique value,[],7f17d5cc98f01ab07a234a22ee9d14d51bb36af2,7001e5b91ee685cbf6467bb34973749c2e5258df,6,6
2436953325,6,P31,instance of,type to which this subject corresponds/belongs. Different from P279 (subclass of); for example: K2 is an instance of mountain; volcano is a subclass of mountain,Tokrkbot,reform_Q56279965_P31_2436953325,None of,[],f05c09c794215817aa2b794c67557405cbc8e889,ce4232e77bc7d6290fc000803a238c5704d79301,197,197
918467213,6,P6681,EUNIS ID for habitats,identifier for a habitats on the European Nature Information System website (EUNIS),Eihel,reform_Q61749733_P6681_918467213,Unique value,[],39a4f182dddf2672fd84ef61870394a9f50509dc,15d79ef262ff78bc0c14400fd5278242ee18436b,5,5
2442802452,6,P403,mouth of the watercourse,the body of water to which the watercourse drains,Vlk,reform_Q1431507_P403_2442802452,"Type Q|355304, Q|16338046, Q|24336031, Q|124714, Q|39816, Q|35666, Q|104347069, Q|285451, Q|15324, Q|337567, Q|187971, Q|16500104, Q|63565252",[],1eae5a89c1de92534f9fe810620210d2cac7c93f,36188fe72951315c87372c2b0c88051dd7ea3646,6,6
2440224137,5,P528,catalog code,"catalog name of an object, use with qualifier P972",Huntster,reform_Q11586656_P528_2440224137,Allowed qualifiers,[],97fe7632c066262241453db03f73a76ac244f9d1,16c6a18105c4ce0720851c2eb3ecf519e76271e0,5,5
2017868223,5,P1786,posthumous name,name given to a person after death (East Asia),Trường Mộc,reform_Q10771771_P1786_2017868223,Item P|21,[],012188cae46d7a4431f1edc7bc5486d47f802364,abf2ab13a2a8013a3b26108a28cac2a27385d854,8,8
2442743381,5,P2554,production designer,"person(s) responsible for overall aesthetic of the story of this motion picture, play, video game or similar; responsible for visual concept, producing interior, exterior, location, graphics, etc; deals with many and varied logistic related to this",Rémi sim,reform_Q4329111_P2554_2442743381,"Type Q|11424, Q|15416, Q|7889, Q|1983062, Q|35140",[],44656d6d5dc6096300f0beae84f434f65d1aa519,8dacca7be02f51e0e0e24c19c5af5a6fe13fc9fb,4,4
2313446717,5,P640,Léonore ID,identifier of a person in the Léonore database,Mbch331,reform_Q375814_P640_2313446717,Scope,[],c0ba60c1a4405bcadec42ae635a1cb92420110f0,b59dc677f5719e4088c2bfd0b02d669c53b06638,13,13
2443063061,5,P2596,culture,human culture or people (or several cultures) associated with this item,Pharos,reform_Q37287690_P2596_2443063061,Target required claim P|2341,[],6c0044e34fb138ef88f43e9f27678c51b60f7cce,d996610f84a449f5e6095bc27e3f5e0b4747199b,10,10
682814510,5,P644,genomic start,genomic starting coordinate of the biological sequence (e.g. a gene),KrBot,reform_Q23326203_P644_682814510,Unique value,"[""Q21528958"", ""Q53869507""]",fd197730e586961a387a16b4bf8878aa303c20ab,770eeff9a09361f9518b117a7aed9cd0ad4296d9,3,3
2442604045,5,P373,Commons category,"name of the Wikimedia Commons category containing files related to this item (without the prefix ""Category:"")",Like the windows,reform_Q48754158_P373_2442604045,Commons link,[],0b169af24e591bdd0ee72e9b6a399894100bd79e,847cc606259b0433da724dc728d5a1a47ae1647c,6,6
696601474,4,P4915,isocaudomer,"isocaudomer of the restriction restriction enzyme, which have the different recognition sequence but produces the same termini",MisterSynergy,reform_Q49933086_P4915_696601474,Symmetric,[],84faedc05af133cb22daaa2b8edbc2a2c84c063a,20cd52fff1c653d67342feabc663d8a7aaccf718,5,5
2444559414,4,P1329,phone number,"telephone number in standard format (RFC3966), without “tel:” prefix",JMMaok,reform_Q18402005_P1329_2444559414,"Type Q|43229, Q|5, Q|214995, Q|13226383, Q|56061, Q|11578774, Q|464980, Q|288514, Q|132241, Q|14897293, Q|11033, Q|1143785, Q|35127, Q|2221906",[],f237b86c87339a639a4bbb7042ca5c8a638f4db7,636d1d34da053149c081d56f20771512bb0c6633,7,7
2441340938,4,P1953,Discogs artist ID,identifier for a band or person in the Discogs database,Coagulans,reform_Q6836845_P1953_2441340938,Unique value,[],d8bc70e2be1ce269da6e0880e5ab9726d74d72f9,c62893db7cba8b8a838cd5eac2577f3138e65cdc,7,7
682814494,4,P645,genomic end,genomic ending coordinate of the biological sequence (e.g. a gene),KrBot,reform_Q20767049_P645_682814494,Unique value,"[""Q21528958"", ""Q53869507""]",fd197730e586961a387a16b4bf8878aa303c20ab,770eeff9a09361f9518b117a7aed9cd0ad4296d9,3,3
2443742934,4,P121,item operated,"equipment, installation or service operated by the subject",Olaf8940,reform_Q72501089_P121_2443742934,"Type Q|24229398, Q|14623646, Q|16334295, Q|1190554, Q|62934160, Q|7406919, Q|55006986, Q|13226383, Q|95074, Q|12737077, Q|340169, Q|1322323, Q|47311934, Q|268592, Q|7397, Q|3249551, Q|1656682",[],c2be11d60fb7ee23b1037146326d74f763458766,91f4dae117a3fb5af4ade635095e90c4ffc4a7b8,4,4
2439374304,4,P9918,Kallías ID,"identifier in Kallías, the catalog of the German Literature Archive Marbach (DLA Marbach)",Sabelöga,reform_Q19240458_P9918_2439374304,"Type Q|5, Q|43229, Q|732577, Q|17537576, Q|3331189, Q|47461344, Q|464980, Q|95074, Q|27096213",[],f144e9fcc6d39588c6803d32f9c03c42355e98b8,1b174670b4f9df2654f2eaff3d05fea1f4945b24,6,6
1854912995,4,P140,religion or worldview,"religion of a person, organization or religious building, or associated with this subject",Mormegil,reform_Q11413047_P140_1854912995,Values statistics,[],42cd235993d1b17882f095d2f662de95b68fc38e,6a46f694bf5f39072848590d728fafac04322de9,10,10
2442514149,4,P1417,Encyclopædia Britannica Online ID,identifier for an article in the online version of Encyclopædia Britannica,Clemens Dulcis,reform_Q5498159_P1417_2442514149,Unique value,[],7f8ac7385321d0a7b4f6c0ee54f178ef34c4489f,874880c4a09bd57ed5c6b0f1162206df2a61467c,10,10
2440979599,4,P30,continent,continent of which the subject is a part,Swpb,reform_Q606415_P30_2440979599,"Type Q|3895768, Q|74817647, Q|3694119, Q|2221906, Q|27096213",[],8328537e4a769418544a755f1c8677cbb252a9fb,7dcb651475ed7f2dac1e6855ea967a4cb6aa6dbc,8,8
2429133141,4,P12282,Deutsche Bahn station number,numeric identifier for train stations operated by Deutsche Bahn,Entbert,reform_Q80824811_P12282_2429133141,Items statistics,[],cf568c95b45cb294391d6ba61587ab73f267c38a,2b066891ca2f1797594284e19725e0a512885db8,8,8
2439262943,4,P1819,genealogics.org person ID,"identifier for a person at genealogics.org. Format: ""I"" followed by 8 digits",GZWDer,reform_Q75250245_P1819_2439262943,Item P|569,[],04e87b8ebf70eb57709354a1ed2be40c198bfaf1,c685f70e7639ab697c38c344d19a33ccea323a6a,8,8
2444653444,4,P407,language of work or name,"language associated with this creative work (such as books, shows, songs, broadcasts or websites) or a name (for persons use ""native language"" (P103) and ""languages spoken, written or signed"" (P1412))",Jerimee,reform_Q736040_P407_2444653444,One of,[],9cb824778bbfb38471d0e65c6e9100bacd2489f0,8db68258742604ec3093d8fead3fdd4c82e2a24b,21,21
2442912347,4,P2517,category for recipients of this award,link to Wikimedia category for recipients of this award,Clemens Dulcis,reform_Q16688035_P2517_2442912347,"Type Q|216353, Q|618779, Q|38033430, Q|107655869, Q|107467117",[],e6dcffe0b7d5f0baeda89acddd85faacc02c561c,c2b4fff6be93b6bc072701efb9765dbbeab50b30,11,11
2387473038,3,P5236,prime factor,one of the prime numbers that can be multiplied to give this number,GZWDer,reform_Q135514148_P5236_2387473038,Value type Q|49008,[],62f85bce25939cdc2321cd2a55f70c8ac56f2825,5010f0fa9be5d5a958f2c4a385c63467b7a0975f,10,9
2297581722,3,P8748,Rheinland-Pfälzische Personendatenbank (GND) ID,"static identifier (""Zitierlink"") of an entry in Rheinland-Pfälzische Personendatenbank (the ""recnums"" is not stable!)",Kolja21,reform_Q450675_P8748_2297581722,Format,[],5c95a8861bf74b34235a96de5e0a88be268d75bf,5cc9ccf118135357ba50676dc7f5bddd1d4f74c5,8,8
2406075130,3,P5043,number of abstentions,number of abstentions in a voting round of an election,C960657,reform_Q74596528_P5043_2406075130,Item P|541,[],675930ae8c5a409e0b84012e8ef92a975b63097a,c99c12a64dff227ef86b94a34fd3c19bc9eadaaa,8,8
2438088264,3,P710,participant,"person, group of people or organization (object) that actively takes/took part in an event or process (subject). Preferably qualify with ""object has role"" (P3831). Use P1923 for participants that are teams.",Einar Myre,reform_Q1980404_P710_2438088264,"Type Q|1190554, Q|14136353, Q|24336466, Q|170584, Q|54933017, Q|124964, Q|321839, Q|4539, Q|3249551, Q|500834, Q|13406554, Q|178651, Q|5, Q|16334295, Q|58778, Q|70990126, Q|24634210, Q|21191270, Q|718893, Q|53706",[],f46e315093b951edb7de4e6add897b21d6dae6df,ccb72590df61392e35f8f274464b81fd4a1fc5da,15,15
2444818722,3,P1753,list related to category,Wikimedia list equivalent to a Wikimedia category,Clemens Dulcis,reform_Q7211483_P1753_2444818722,Inverse,[],eca87051cb54f66af4b9f86e887a2ea2711125e5,c3d24c35bf0405e95e1e61dc12f57b8146a87504,10,10
2430704166,3,P1025,SUDOC editions,identifier in the French union catalog (see also P269),Thomas Kerboul (BGE),reform_Q121816210_P1025_2430704166,"Type Q|3331189, Q|732577, Q|482994, Q|2217301, Q|1266946",[],5e2093b876253c2c8f6077d2a7ae1b54349a19f0,cb91d13ae5edfd1efa234592de57449467c9b275,7,7
2443323978,3,P10112,Australian Statistical Geography 2021 ID,identifier of a geographic region defined in the Australian Statistical Geography Standard 2021,Numbermaniac,reform_Q55772006_P10112_2443323978,Item P|1566,[],d7bd8bc903ca03a7f3b5a06fd3ecc68535ee59fd,544f02eb1ef7a09d5c8ff9f5c3692aafe2e9795c,12,12
2435927232,3,P4969,derivative work,"new work of art (film, book, software, etc.) derived from major part of this work",Trade,reform_Q17243_P4969_2435927232,Inverse,[],068118b0b02e8854ee54a1f3bb75df62a2e858cc,299ae3d11d3719afbe8480654eb40a568a11f3df,6,6
2445358570,3,P179,part of the series,series which contains the subject,Clemens Dulcis,reform_Q27016862_P179_2445358570,"Type Q|386724, Q|27968055, Q|811704, Q|15900616, Q|42889, Q|1238720, Q|853614, Q|2031291, Q|24992028, Q|1656682, Q|1850364, Q|116779426, Q|1046315, Q|104536121, Q|1777515, Q|2376564, Q|28869365, Q|21995230, Q|42848, Q|11032, Q|1229765",[],0a0324197eb07ad7983405cb72b991a5997520a4,75aef94efdbb1c8b9c43a6d5808ad70ee801124f,12,12
2443323717,3,P4093,Australian Statistical Geography 2016 ID,Identifier of a geographic region defined in the Australian Statistical Geography Standard 2016,Numbermaniac,reform_Q5356160_P4093_2443323717,Item P|1566,[],65b910168a47b6c5394c31d2c55149894575c0f3,4d041a57bf1c0a11c132ff191988a422907e50d5,10,10
2445503718,3,P9743,Podchaser creator ID,identifier of a person in the Podchaser database (not PCID),Ontogon,reform_Q23020745_P9743_2445503718,Single value,[],003b011d6bcbe93b542f593e4cc2d4ab89e715fd,fd5c446b7a7d965978dd59b3f650fdeac865e5b0,7,7
696618121,2,P731,Litholex ID,identifier in the Lithostratigraphic database of Germany maintained by the BGR,MisterSynergy,reform_Q2169094_P731_696618121,Item P|P30,[],25153ca0e50d913ac3338305e61efbc5c612e2d0,b20347cd8c1d774150a4c8ee67e7cd0fffd71592,7,7
2442896422,2,P485,archives at,the institution holding the subject's archives,Circeus,reform_Q336977_P485_2442896422,"Value type Q|43229, Q|5, Q|178706",[],99b49c44f1a2bce8859352d427a348e4af498f83,2c49eac65f53687cfb7d44bb180b3a1a65720114,5,5
2440100284,2,P7212,LyricsTranslate ID,identifier on LyricsTranslate,عُثمان,reform_Q77972345_P7212_2440100284,"Type Q|5, Q|215380, Q|7302866, Q|17537576, Q|2088357, Q|10648343, Q|188451, Q|106537557",[],88aff2bbfc71070574243ee30005c06b2f66bca4,da830946b6b880cf2778ee596c4fe1d22a0e3c51,8,8
696618469,2,P660,EC enzyme classification,the Enzyme Commission (EC)-based accepted name of any enzyme classifications of the protein or RNA molecule,MisterSynergy,reform_Q17710207_P660_696618469,Type Q|Q422649,[],39f837e11ab918a46639856f8a2ed7749cd7d854,4eec503d4342ad057650590b6c5f101e04c90af9,5,5
2440210656,2,P8814,WordNet 3.1 Synset ID,Synset identifier in Princeton’s WordNet Version 3.1,Carnby,reform_Q17136481_P8814_2440210656,Unique value,[],f24a134702b0cf9d29137210a3cb8573e93d9b0e,d7b5bfd2ba83e8aee0c9cfa1b968c516ef2bdeeb,5,5
699956066,2,P886,Lexicon istoric retic ID,"identifier in the Lexicon istoric retic (LIR), Romansh variant of Historical Dictionary of Switzerland",Tom.Reding,reform_Q669218_P886_699956066,Unique value,[],e8febd030de6b992a4bb7f89509e88da1bc9159d,f0cc0372212eb696e2cd6daa64bf15457d38c56f,3,3
2344581897,2,P3628,British History Online VCH ID,"identifier of a place, in the British History Online digitisation of the Victoria County History",Peter James,reform_Q5482986_P3628_2344581897,Format,[],16e6949a24bb5cdc324e280c257cbd0fcc145079,fdb853d19bfe6ad54ebc4b9190efdd40610f5af9,4,4
2250979466,2,P1782,courtesy name,"name bestowed upon a person at adulthood in addition to one's given name, mostly in East Asia",RVA2869,reform_Q20689183_P1782_2250979466,Label in ja language,[],db66f155f284d28ced699111ae77f5acd63cae98,441c7855bef31cda6009fb200b499e96c6f260bb,9,10
696618495,2,P656,RefSeq,qualifier to specify Reference Sequence identifier for the Protein and RNA (either p637 or p639),MisterSynergy,reform_Q14358793_P656_696618495,Qualifier,[],f50fe97e93536c0c98d84327fc41ee099ab88d82,45244b5c8e8ed95ea6455c11ae0e0c9915805146,3,3
696612069,2,P1227,astronomical filter,passband used to isolate particular sections of the electromagnetic spectrum,MisterSynergy,reform_Q22676378_P1227_696612069,Qualifier,[],3cd8c92d7323ddf3d8ce581b0dc287ca0a305469,d0d8dd5a45ec6cee4e913ceb7e8d9f67bcf028e2,4,4
2433393062,2,P1770,Romania LMI code,identifier in 'Lista monumentelor istorice din România' (Romanian heritage sites),DnaX,reform_Q832870_P1770_2433393062,Item P|31,[],9f4c3b76ee49c3ccbe7017eec4c8dff3e1a91204,b3a848970c946353421ae4a0780ca5353f1259cd,10,11
1658438802,2,P10804,X list ID,identifier of a list of accounts on Twitter,Wd-Ryan,reform_Q81068910_P10804_1658438802,Unique value,[],3da46924ee89c003843b6dd2e361a20af2dd4f97,04f7d94234bd33350bf1d7284569c9e0858d316d,5,5
2437400906,2,P1435,heritage designation,heritage designation of a cultural or natural site,JAn Dudík,reform_Q4056676_P1435_2437400906,Item P|31,[],6ca77b5609c0da7a9915c19525f1f25d5cc09a94,2f6b4ad23a4d7bc965990223c9f162f3906f98de,9,9
2438810266,2,P4945,download URL,URL which can be used to download a work,Eurohunter,reform_Q105336231_P4945_2438810266,Type Q|386724,[],3fe081598bd314d0ddae280a5786d3212a7c56c5,9705da1767e183dcb1c9bb1d6d0875e353872540,5,5
696602774,2,P4267,Landtag of Liechtenstein ID,identifier of a member of the Landtag of Liechtenstein,MisterSynergy,reform_Q28871877_P4267_696602774,Item P|P27,[],7fe1eb49c7fff3fc0a553ff9d8e5eeb174b8e72b,083dc5d5f6bf2ba08c2dae1e471daa141e7f0f68,7,7
2441000798,2,P2534,defining formula,mathematical formula representing a theorem or law,Swpb,reform_Q130901_P2534_2441000798,Item P|7235,[],7186e131b564b7c502df5ebebfa527765e13ee13,f50a7da29f58ef236325cfebd2f9189b626ba3b1,7,7
696617618,2,P862,Operational Requirement of the UK Air Ministry,specification for future military aircraft by the UK Air Ministry,MisterSynergy,reform_Q29190_P862_696617618,Type Q|Q216916,[],f2bcbd7697f8a2816afb9e8394f95566c945dccf,9e64e0b0eb5f4998073995dd82f1779f0694285b,4,4
2444685737,2,P6218,Genius ID,"identifier for a song, musical composition, written work, discography, list and other on Genius",Eurohunter,reform_Q113990783_P6218_2444685737,Conflicts with P|31,[],7b4c2f8f1ec3d69a8da25251af0eb14535b2fad4,4108891a3ecf41dfaddef5afbf6805855a5a5c95,6,7
2447811861,2,P17,country,sovereign state that this item is in (not to be used for human beings),RVA2869,reform_Q7261_P17_2447811861,Target required claim P|30,[],5ef7d89649c9ff90fe1a52368496e645eacec34b,5eef3cb67bd28dfec8f65f1381331c4859d95abb,48,48
2437928200,2,P669,located on street,"street, road, square, or trail, where the item is located. To add the number, use Property:P670 ""house number"" as qualifier. Use property P6375 ""street address"", if there is no item for the street",Ben Skála,reform_Q6465160_P669_2437928200,"Value type Q|83620, Q|79007, Q|34442, Q|269949, Q|18948595, Q|174782, Q|1251403, Q|111415237, Q|1761572, Q|2126794",[],5ee7b495a036e56142989b4949e719331db14df0,d9e35fc1fc7142000da6023d616a0717904e6ff7,5,5
2438017318,1,P963,streaming media URL,URL where the subject's media stream exists,Trade,reform_Q5910006_P963_2438017318,Mandatory Qualifiers,"[""Q21502838""]",ad1e4849a9819ce84956d5273290dcd6c9c385cc,277c13d9160742f11722ec7e770624912e579d12,4,5
696617454,1,P917,GRAU index,index of Russian (and Soviet) weapons and rockets,MisterSynergy,reform_Q1299641_P917_696617454,Unique value,[],df899993233d475ab9c46abd17e903de82804ae8,e40d3a82e1df9942c2235d554b6dc78284f19cb0,4,4
996421564,1,P7157,The Top Tens ID,item's ID on The Top Tens website,Trade,reform_Q494357_P7157_996421564,Unique value,[],3dcc3a781e251ac3b4ca53d3de23849bfd16d15b,d0a44d468f6f018ba0702aa3fb2f39571c0bf459,3,3
696610240,1,P1929,ClinVar Variation ID,identifier in the ClinVar database for human genomic variation,MisterSynergy,reform_Q19888172_P1929_696610240,Format,[],62e8232d15076d5313c2d9a51e5805d5bd67a4e2,1e3a9456059b3aafdd60a4f2157d9cd744d658f3,4,4
662198517,1,P2411,Artsy gene,"generalization of artwork type, technique, material, genre, movement, etc. from artsy.net",Manu1400,reform_Q7004896_P2411_662198517,Item P|P1014,[],9a5f1347fb0d6ae3916bd9678350f1fd502c5a48,21c366c537f966accecff747619f5f10cafbcf54,3,3
696618476,1,P659,genomic assembly,specifies the genome assembly on which the feature is placed,MisterSynergy,reform_Q20950174_P659_696618476,Qualifier,[],211a5240153b3f9a678ecd12c7e07e55896885c4,e3ebe11b794a95e3f9acbfb1a5ba107ecc78697f,2,2
696611014,1,P1642,acquisition transaction,how the player was acquired; qualifier for P54 (member of sports team),MisterSynergy,reform_Q44341414_P1642_696611014,Qualifier,[],211a5240153b3f9a678ecd12c7e07e55896885c4,e3ebe11b794a95e3f9acbfb1a5ba107ecc78697f,2,2
696612314,1,P1129,national team appearances,total number of games officially played by a sportsman for national team,MisterSynergy,reform_Q16020996_P1129_696612314,Qualifier,[],9586ad46e6254f878d7e6db52653b24e2c50a876,5b640906270b2005e2d2b531bf3481e48d5f9ed7,7,7
696608430,1,P2374,natural abundance,"relative proportion of an isotope as found in nature (Earth's crust, or other location with qualifiers)",MisterSynergy,reform_Q533498_P2374_696608430,Units,[],20633ea56053f8f6c6384a05a50db9f4f3d7a1c6,e7462e5a0438cf9e4e82cea516d0b2a734048c03,6,6
696610230,1,P1930,DSM-5 (identifier),identifier for a mental disorder in the 5th edition of Diagnostic and Statistical Manual of Mental Disorders,MisterSynergy,reform_Q17104923_P1930_696610230,Unique value,[],27304173eefd26265c337073340ea9a5b3312e41,602fb00163576434409ef878b19bac342eb41b33,4,4
2447506871,1,P8445,Our Campaigns candidate ID,identifier of a candidate in the Our Campaigns political candidate database,Animalparty,reform_Q837716_P8445_2447506871,Type Q|5,"[""Q21503247""]",ee587f677eb1a3d4bce6aafbf4ecbbc868b6fa85,66fb6a24ab927b39ce6dc579755ae9ecb54f7287,7,6
696604680,1,P3514,U.S. National Geodetic Survey ID,Identifier for a place by the U.S. National Geodetic Survey,MisterSynergy,reform_Q3526050_P3514_696604680,Format,[],963be5f63c4022e0851fa794f5f2857b39dc35c0,95b2f32dc05e546c022f4be8073ae93b581bf3be,4,4
696602446,1,P4425,mtDNA haplogroup,mitochondrial DNA haplogroup of a person or organism,MisterSynergy,reform_Q38452029_P4425_696602446,Value type Q|Q42262065,[],0d5e9c0fe2a783c3ddbb4a27e803ef8ed5ae98ab,14a638902c1a83eca086918bb19d6cb677714497,3,3
696608822,1,P2297,employment by economic sector,employment divided by sector,MisterSynergy,reform_Q9899_P2297_696608822,Units,[],390e77bd946c0c21b2ac3e453b962065f192f5c6,d00fb9811ef07fa84798bc553a68362bb3e961e3,4,4
696607400,1,P2717,no-observed-adverse-effect level,"greatest concentration or amount of a substance, found by experiment or observation, which causes no detectable adverse alteration of morphology, functional capacity, growth, development, or life span of the target organism under defined conditions of exposure",MisterSynergy,reform_Q407768_P2717_696607400,Units,[],b97ad7dea31d4ed42f80b92e0aef2abc03db51f5,23ae47d95c0a7c6eaac7ca3c55154f745c35f127,5,5
696609154,1,P2231,explosive velocity,detonating velocity is explosively measured,MisterSynergy,reform_Q413940_P2231_696609154,Mandatory Qualifiers,[],bcb63409e6225d4c47fee3867be315a7406bb881,e039b273ce466ecd39b11bd71fe415a3a1707b3b,4,4
2443162511,1,P1019,web feed URL,"news feed (RSS, Atom, etc.) of this person/organisation/project",Wd-Ryan,reform_Q80729951_P1019_2443162511,Allowed qualifiers,[],8e5c45c7db053a4a60485408fdfc60e548adabfe,1a7aa391bc68f3dfcf99a2319241c899e388295e,5,5
696612332,1,P1126,isospin quantum number,characteristic property of any particle,MisterSynergy,reform_Q424134_P1126_696612332,Item P|P1127,[],ede9743858b0280bf630547a6ef77e939b7adf97,3c9764859183e3bc0ebbf78ae2df263a5ce485d6,5,5
696601643,1,P4866,REBASE Enzyme Number,ID in REBASE (Restriction Enzyme Database),MisterSynergy,reform_Q49815542_P4866_696601643,Unique value,[],0c6894c33808e43db305ac6d55f1aec969bf9da6,fadc01a02b68826671c0897391ff329efe3c79f9,5,5
2444603442,1,P1303,instrument,musical instrument that a person plays or teaches or used in a music occupation,Coagulans,reform_Q2090483_P1303_2444603442,One of,[],13f40b277f6195e4dd6375ee215e43863b018ec5,4a428b0fb2a3f4f959c330c017d4be7009aac713,7,7
696609703,1,P2136,total imports,amount of goods and services bought from other countries,MisterSynergy,reform_Q1788657_P2136_696609703,Type Q|Q56061,[],d1231de6a0cffdfae77558d3fa926f3479a1cedd,8d3bc1977ee705ac175483738a48b3aeea78864e,5,5
696602063,1,P4654,partition type identifier,string that contains the identifier of a partition type specified in a partition table,MisterSynergy,reform_Q306233_P4654_696602063,Type Q|Q174989,[],01050cc0dfe8913a0c1fca51cba0f1d6968d910e,0f25a001034b1c92a392b93b1b58a4e09b84ac14,6,6
696632814,1,P3406,Saccharomyces Genome Database ID,identifier for a genetic element in the Saccharomyces Genome Database,MisterSynergy,reform_Q7294623_P3406_696632814,Item P|P703,[],863e5a1011497975ebbd663bdcc945d79f92fe46,7e56ad76538070fa0ecbe809345287d5edbc7af5,4,4
2438975304,1,P2877,SureChEMBL ID,the chemical compound identifier for the EBI SureChEMBL 'chemical compounds in patents' database,Wostr,reform_Q413471_P2877_2438975304,Single value,[],32c7b5c7444e03defeaf44d5a32dc6f0a79c3f86,f5405b49b65b7934fd9e137ef8f147af068f2bf5,5,5
2443789663,1,P3179,territory overlaps,part or all of the area associated with (this) entity overlaps part or all of the area associated with that entity,Pharos,reform_Q430267_P3179_2443789663,Symmetric,[],d55a866c9b144dd7106f4262e90a3db4443d2d46,786719f4a2f4619944d19b700e3f66f7bb93a639,5,5
2445531545,1,P1083,maximum capacity,number of people allowed for a venue or vehicle,Back ache,reform_Q48940696_P1083_2445531545,"Type Q|811979, Q|42889, Q|15720793, Q|20871196, Q|811430, Q|1875621, Q|132241, Q|2800000, Q|17350442, Q|88985865, Q|29048322, Q|13226383",[],56d9cf1be2bcf86118a50d1be39eab444bf08a65,501cc4e68324c22405fab193b4263e927fa552a6,9,9
696606778,1,P2931,Encyclopedia of Triangle Centers ID,"identifier for triangle centers used in the Encyclopedia of Triangle Centers, founded by Clark Kimberling",MisterSynergy,reform_Q18206223_P2931_696606778,Type Q|Q778806,[],d3075be39774c64533a148d2ca05319a7308e8e6,61eae23fc87198820a8452fb83a4b90a5ae4d1ff,5,5
696617428,1,P925,presynaptic connection,neuron connects on its presynaptic end to,MisterSynergy,reform_Q864951_P925_696617428,Inverse,[],9c8c1f3815602f41fde5399338c08a6e63d859a8,0eae8f6fb92d39bc20b3472456ab0a18b5f935a8,3,3
696612323,1,P1127,isospin z-component,characteristic property of any elementary particle,MisterSynergy,reform_Q488719_P1127_696612323,Item P|P1126,[],f1653d310147fa7b850966ffe44c9fd059b43715,15b0591cf9590f5e022e0f6f27fcb1c3cbed29ec,5,5
2438016318,1,P10213,Listen Notes podcast ID,identifier of a podcast on Listen Notes,Trade,reform_Q136771277_P10213_2438016318,Item P|371,"[""Q108139345""]",1848eb4a7d9607b66064fcc978e8819018b92f31,979ab1dcdcdd89dbd70b581799e8bd91c9654c6e,20,21
696612103,1,P1210,supercharger,supercharger or turbocharger used by an engine,MisterSynergy,reform_Q15727729_P1210_696612103,Type Q|Q12757,[],0119aaeaf3c69a28a99c59c8655548e58f1057e8,2d681ce4a838671ed10e57c278d101c232de6f9b,4,4
2437471351,1,P2360,intended public,"intended audience or user of this work, product, object, or event",Aschiff-emco,reform_Q108555698_P2360_2437471351,"Type Q|15621286, Q|170584, Q|7406919, Q|1656682, Q|43229, Q|1151067, Q|483394, Q|47461344, Q|49416455, Q|4830453, Q|17350442, Q|17489659, Q|1169870, Q|3331189, Q|589183, Q|431289, Q|26256310, Q|3948731, Q|23649976, Q|17537576, Q|4202233, Q|2424752, Q|618779, Q|349, Q|16510064",[],f59df6a542a7e63a05d02e270c1d2053dad54f18,198c5809ef206352493d27665fdc93db8b75cd41,5,5
696605709,1,P3237,KU Leuven person ID,identifier for a person in the Who's Who database of the Catholic University of Leuven,MisterSynergy,reform_Q22691622_P3237_696605709,Item P|P108,[],1ba6be9441f068a7ce9cbf1a1269b639c8ed6d2b,51d158810af2d5d1314a4b0dd1c905c80c55712c,5,5
696610249,1,P1925,VIOLIN ID,identifier in the VIOLIN database for vaccines and related subjects,MisterSynergy,reform_Q7042682_P1925_696610249,Item P|P31,[],1e3ab456c53136d31d4694cf0f681542edeae40f,f8d16a48d6676d84e8e17f6c897d0b32bf8326a8,5,5
2447282435,1,P559,terminus,"the feature (intersecting road, train station, etc.) at the end of a linear feature",Harald Hetzner,reform_Q104630635_P559_2447282435,"Type Q|2221906, Q|178512, Q|1322323, Q|1424016, Q|83620, Q|1067164, Q|124834336, Q|137589271",[],1075fe281b7edfd1d4a82b272c5119d20cd46d2c,b49b7bac6febebff7e52cfae5d2fa143e8c5798b,4,4
696605494,1,P3294,encoding,format according to which a code is to be interpreted (use only as a qualifier),MisterSynergy,reform_Q45716639_P3294_696605494,Qualifier,[],211a5240153b3f9a678ecd12c7e07e55896885c4,e3ebe11b794a95e3f9acbfb1a5ba107ecc78697f,2,2
2444068564,1,P39,position held,subject currently or formerly holds the object position or public office,Rose Abrams,reform_Q113343167_P39_2444068564,Allowed qualifiers,[],2f6df7ee21f99af3d02e348a75b7ebec17750c6f,c7f9d724ac3c8edb901cbfb5ff267417dca7d053,18,18
2447493187,1,P3696,Sports Reference college basketball player ID,identifier for a NCAA Division I college basketball player on the Sports-Reference.com college basketball website,HanTsî,reform_Q100895786_P3696_2447493187,Single value,[],d9be89d0108df3ff15334ecc9ed13b10be94c017,a1e2157e52f5d7f8a5841b158a1739e9b63044f8,11,11
696602303,1,P4506,Formal Public Identifier,string that identifies uniquely an item using a Formal Public Identifier according to the ISO/IEC 9070:1991 standard,MisterSynergy,reform_Q585374_P4506_696602303,Single value,[],4cce9371efae020fc2fc475be2873a23749d3e86,2775fc965cacbb2fee04fc49e9c54e9ee10f11d8,3,3
696607579,1,P2661,target interest rate,benchmark interest rate of the central bank,MisterSynergy,reform_Q2598067_P2661_696607579,Mandatory Qualifiers,[],f509b1fca1a24141ca9f3e9069998add3d9814fc,ab7b8686139a55abbb8256bb37d8904d40ff926a,4,4
664001720,1,P4203,ROARMAP ID,identifier in the Registry of Open Access Repository Mandates and Policies,Manu1400,reform_Q22661176_P4203_664001720,Single value,[],db4996fcf2be467196953fca4f4d966e518b8ae5,d093f8a48918a74018aa24d3c7e23f0956450c68,3,3
1512158453,1,P9983,Enciclopedia dei ragazzi ID,identifier for an item in the Enciclopedia dei ragazzi on the Institute of the Italian Encyclopaedia website,99of9,reform_Q37577_P9983_1512158453,Unique value,"[""Q52004125""]",3166b86f658f31b2979998b8d160250a0aa2b74f,de5833b5e0a81d88382d15026528c9b62569ba9f,4,5
696607889,1,P2552,quantitative metrical pattern,description of a quantitative verse's metric,MisterSynergy,reform_Q5254470_P2552_696607889,Format,[],67c4fc25a981c874f199761808c522a51d1ab204,7d6aff9a6ab906812950e72488594830bb5e6b5c,3,3
2328309235,1,P7063,U.S. Supreme Court docket number,identifier for a case filed at the Supreme Court of the United States,HouseBlaster,reform_Q110612667_P7063_2328309235,Format,[],3e8cca72c6ace0daba2ff0b387cd3c56c817bfed,2c9369d40ff4e1d17fef9f5bd2dc4c889f55bea3,6,6
2441378430,1,P8047,country of registry,country where a ship is or has been registered,Huntster,reform_Q12117523_P8047_2441378430,"Type Q|1229765, Q|852190",[],1167b872d67a194073938ddacadf6c25cc63730a,dde9ccf887a20214f5f2ef9e474c8976bff0c686,9,9
2025052625,1,P1786,posthumous name,name given to a person after death (East Asia),Prefuture,reform_Q16076422_P1786_2025052625,Item P|570,[],abf2ab13a2a8013a3b26108a28cac2a27385d854,7d35c2fe294be92483530a098e1e9aca1e25cb6c,8,8
2423783007,1,P961,IPNI plant ID,numerical identifier for a plant name in the International Plant Names Index,David Newton,reform_Q7074525_P961_2423783007,Unique value,[],7b34753823ac7bd634fe2706c3a422bcd586d5c7,429a3a4d33ddecdb458712df4c67f9995b0e7b61,7,6
696610921,1,P1674,number confirmed,qualifier; number of instances or occurrences classified as confirmed for reporting purposes,MisterSynergy,reform_Q10947367_P1674_696610921,Qualifier,[],efe8e881a8454f259eb1758fa370947808446747,3840ee195003830609820fc612693d9bdb6886b2,3,3
2445837416,1,P1787,art name,type of pseudonym traditionally adopted by writers and artists in East Asia,Clemens Dulcis,reform_Q110852008_P1787_2445837416,Allowed qualifiers,[],6bedcc4c24683cc9243a0535971a2d1305123727,9461c17df98d935a5696d9c36dbf7f90d755eb4d,8,8
696608244,1,P2411,Artsy gene,"generalization of artwork type, technique, material, genre, movement, etc. from artsy.net",MisterSynergy,reform_Q2914650_P2411_696608244,Item P|P1014,[],078dff1908bdb0cdc8466ddc743a397c5b0153b7,1b4229b5970fd60dc8a29223218b54d07e8d8e85,4,4
696732536,1,P4418,New Zealand Sports Hall of Fame ID,identifier for an inductee on the New Zealand Sports Hall of Fame website,Bamyers99,reform_Q679014_P4418_696732536,Type Q|Q5,[],42c5d742e8e47ce5bc01e0a2d464fcd6872c0d41,202780a2fd0a0028187442b594f262cbeaefbf05,3,3
696618817,1,P514,interleaves with,stratigraphic relation in which two units overlap each other marginally,MisterSynergy,reform_Q451785_P514_696618817,Symmetric,[],07c384352829d7b407bd227a62123ed13c0ed212,ef368018615c810ad3df1f0bd673fb1cabf877ba,3,3
2446294191,1,P1019,web feed URL,"news feed (RSS, Atom, etc.) of this person/organisation/project",RogueScholar,reform_Q106338153_P1019_2446294191,Allowed qualifiers,[],1a7aa391bc68f3dfcf99a2319241c899e388295e,0008c7072d12b8ab1caf0e48fa52c4f1d5193fe3,5,5
2444645991,1,P10565,Encyclopedia of China (Third Edition) ID,identifier for an article in the online version of Encyclopedia of China (third edition),Carnby,reform_Q1027878_P10565_2444645991,Single value,[],97952cee8907930822fa7967a9c859c3b8a60aa7,e906f80c25b9789d5c5020bffd4bf9ef360e7e0a,7,7
696601557,1,P4882,segmental innervation,specific level(s) of spinal cord responsible for the function of this muscle or organ,MisterSynergy,reform_Q201363_P4882_696601557,Type Q|Q24060765,[],7e4e154bac4a71a6f6285d2ef3b270f028cd08fb,fdd248500b7285e69b749d4c42979ed436ee5b1b,3,3
2272052650,1,P7770,egg incubation period,"amount of time needed for incubation of eggs for this animal taxon (birds, fish, reptiles, monotremes)",Samoasambia,reform_Q760674_P7770_2272052650,Scope,"[""Q21510851""]",579fc8bdc770cb4d56b82a25b72d0301e4413d14,c9d07df79b9bd42e6c4721fce78677309e3f0c76,6,7
696601679,1,P4850,permitted food additive,food additive which is permitted to be present within a food item,MisterSynergy,reform_Q20932605_P4850_696601679,Type Q|Q2095,[],f9bbbd303b878af26373e43ad622bddd26c9a34a,aa43176d887b1e3f62fe36f0361d350cfbec6b2a,3,3
696610223,1,P1931,Џепни водич за хемијске хазарде,identifier for a chemical in the NIOSH Pocket Guide to Chemical Hazards,MisterSynergy,reform_Q419170_P1931_696610223,Single value,[],3c155f21447163e2ed54290425f1adbd53745b93,a23d0e25a53cc27835802b57193d365c6859cb15,3,3
2437404092,1,P4075,Czech Monument Catalogue Number,ID given to protected but also some unprotected monuments and other objects in the Czech Republic on the official Monument Catalogue of the National Heritage Institute,JAn Dudík,reform_Q38486639_P4075_2437404092,"Type Q|618123, Q|838948, Q|811979, Q|854429, Q|61760621",[],81f7be4fd9360735e7008e5d566cca15b2ad9d89,7050d29813fca8e12ca094a50b4251eb584fb437,9,9
2402457035,1,P5920,root,part of word that does not have a prefix or a suffix,Mr. Ibrahem,reform_Q136031796_P5920_2402457035,Entity types,"[""Q55819078""]",35929fc70de12f3e384aa0b699663428724645ef,6d16e511ea0ca6849e657518d0562c054815f07f,3,2
2444492207,1,P5437,EuroVoc ID,"identifier for an area of government activity, in the European Union's EuroVoc thesaurus",S41pdrc4od,reform_Q106039_P5437_2444492207,Label in mt language,[],e05189ebb289f1fcc5acd97bf030255d285b956d,048095e1a156ce8a04faaa34bbfae95146d779bb,30,30
2446311107,1,P123,publisher,"organization or person responsible for publishing a work, such as a book, periodical, printed music, podcast, game or software",RogueScholar,reform_Q112270264_P123_2446311107,"Type Q|1151067, Q|80793969, Q|95107111, Q|374814, Q|7397, Q|286583, Q|17538690, Q|571, Q|11410, Q|105543609, Q|7058673, Q|115473170, Q|116779426, Q|1714118, Q|904997, Q|62651817, Q|3331189, Q|97180164, Q|124030631, Q|106140535, Q|1980247, Q|732577, Q|1748756, Q|49094714, Q|7725310, Q|1348645, Q|8274",[],43b1fc0c8abf83553480e2e6e6f43a40a4839f91,acf3b82c6040b89600cd4a8558c5dd35893ad6e3,11,11
2440736617,1,P2130,capital cost,amount of money spent on building or producing an object,AlejandroFC,reform_Q113570076_P2130_2440736617,Units,[],19d3c3e4a877b25270da6ce9b53e92f0f384c19f,db9e16510d6831c26f0adceb2c9f6354b14f1411,6,6
2349634052,1,P6570,number of words,number of words in text,Peter James,reform_Q11660097_P6570_2349634052,Type Q|47461344,"[""Q52004125""]",49975b4150ed0c46715a3bd177574cd7ab5491c4,f87abbffd4522a18f7305b106338d77ea4297a51,10,9
662261327,1,P4465,Ecole des chartes thesis abstract ID,identifier for the abstract of the diploma thesis of an archivist paleographer (graduate student) at the Ecole Nationale des Chartes,Manu1400,reform_Q42531261_P4465_662261327,Type Q|Q1266946,[],bb34125bf48356d7f7b38710b543d366ad30b704,e041cc9ad9704e96d53c19a0d970c108791265f1,4,4
2441680532,1,P190,twinned administrative body,"twin towns, sister cities, twinned municipalities and other localities that have a partnership or cooperative agreement, either legally or informally acknowledged by their governments",Jpnbot,reform_Q430267_P190_2441680532,Symmetric,[],e0b80a748b26f7c5d8e261f31f900416046d827e,96465dc3674c51a72f08b0e4626a69fc327079e5,7,7
2447652235,1,P1082,population,number of people inhabiting the place; number of people of subject,Numbermaniac,reform_Q719329_P1082_2447652235,Range,[],47bc9ff1ff4ddba9350153839562906e15ff2d04,5354cddf3a71f35acdb259f51fc563b95b7052a2,13,13
2091732828,1,P7504,Jeugdliteratuur ID,identifier for an author on the website Jeugdliteratuur.org,Carnby,reform_Q1491021_P7504_2091732828,Conflicts with P|1343,[],4bbe561853e48175d1b15981fb8d551b181bbbb3,e94b36a6747527212e50e85cc1a13468bf4b69f0,6,6
2443574088,1,P8313,Lex ID,identifier of an article in the online encyclopedia.lex.dk,Radlrb33,reform_Q7429985_P8313_2443574088,Label in da language,[],cab1b7e95bae1f22621e4fbdd1d98ba7c94f21f8,1e1dca7ffb958553b8e8ed8968641a05331b88b7,8,8
2423151683,1,P7135,Rijksmonument complex ID,identifier for a monument complex assigned by the Rijksdienst voor het Cultureel Erfgoed,Multichill,reform_Q2689747_P7135_2423151683,Conflicts with P|359,[],3793372364a26c2f616999ff92b89b8d3f847bd6,c2ca7fe337a811d692b978f8127da7ed0368482e,17,16
2440998983,1,P5905,Comic Vine ID,"identifier at the Comic Vine database of comic books, fictional characters, people, films and television series/episodes",Jwillikers,reform_Q6663_P5905_2440998983,"Type Q|1760610, Q|11424, Q|15416, Q|21191270, Q|5, Q|14897293, Q|8274, Q|14406742, Q|747381, Q|18706315, Q|618123, Q|16334295, Q|151885, Q|19958368, Q|125632018, Q|3331189",[],c52ec5d0754d5fa76cff87e79a211d857b472ce3,0f6bbfcb8d6915242c5e4cd11e4521035c08e909,7,7
2433431025,1,P2877,SureChEMBL ID,the chemical compound identifier for the EBI SureChEMBL 'chemical compounds in patents' database,Wostr,reform_Q410612_P2877_2433431025,Single value,[],d888370954dd4fe246fb2536adb4e79fd074fe62,32c7b5c7444e03defeaf44d5a32dc6f0a79c3f86,5,5
2446907930,1,P179,part of the series,series which contains the subject,AdamSeattle,reform_Q19167811_P179_2446907930,"Value type Q|7725310, Q|15275719, Q|11578774, Q|16858238, Q|17518557, Q|811701, Q|63183159, Q|3511132, Q|133250, Q|43229, Q|57305, Q|10929058, Q|431289, Q|34442, Q|20655472, Q|1978454, Q|5398426, Q|104536121, Q|7058673, Q|13406463, Q|134312529, Q|137582133",[],fd5d8c68f055a0a0fcf16243233fc702bccbc2c3,35ea572556adeccbda8dfcb2d69fdb2011f868a3,12,12
2398922950,1,P8229,Co-Optimus ID,identifier of a video game in the co-optimus.com database,Dots223,reform_Q115932648_P8229_2398922950,"Item P|404 one of Q|1758804, Q|6895044",[],bbb322d25800b270e6a2ea71128b29cc50e4c80a,00f547026e83504f3ea09b9bf3eae06a3067dd64,8,8
2445180072,1,P1340,eye color,color of the irises of a person's eyes,Trivialist,reform_Q121727208_P1340_2445180072,"Type Q|5, Q|95074, Q|146, Q|10832, Q|43577, Q|726, Q|1160573, Q|144, Q|39367, Q|3658341, Q|1114461, Q|584529, Q|729",[],cb371e31384dd73137dcb57a0cd20b6a6868b838,1bf8eb100f990833313ef58451cec6e78c561abe,7,7
1682276531,1,P2440,transliteration or transcription,conversion of text to alternate script (use as a qualifier for monolingual text statements; please use specific property if possible),عُثمان,reform_Q110834744_P2440_1682276531,Mandatory Qualifiers,[],9a143e368d999136149ed74d89dae72e864142ea,344fc780c8e782bd75070e8b2c00679dd082bd73,5,5
